source_mat_id_orig,samp_description,tax_id,scientific_name,investigation_type,env_material,collection_date,sampling_event,sampl_person,sampl_person_orcid,tidal_stage,comm_samp,noteworthy_env_cond,replicate,size_frac_low,size_frac_up,depth,samp_collect_device,samp_mat_process,samp_mat_process_dev,samp_store_date,samp_store_loc,samp_store_temp,store_person,store_person_orcid,other_person,other_person_orcid,long_store,samp_size_mass,ship_date,arr_date_hq,store_temp_hq,ship_date_seq,arr_date_seq,seq_batch,failure,failure_comment,ENA_accession_number_sample,source_mat_id
EMOBON_UMF_So_221026_meio_1,EMOBON mimarks-specimen sediment sample from station UMF collected on 2022-10-26 community collected meio,33208,Metazoa ,mimarks-specimen,sediment [ENVO:00002007],2022-10-26 00:00:00,UMF_So_221026,Annie Marie Cox,NA,,meio,,1,32,NA,13,Van Veen Grab,SoSOP3,NA,2022-10-26 00:00:00,NA,-20,Annie Marie Cox,NA,NA,NA,N,NA,2023-09-06 00:00:00,2023-09-13 00:00:00,-70,2024-04-17 00:00:00,2024-04-18 00:00:00,batch_5,F,NA,,EMOBON_UMF_So_1
EMOBON_UMF_So_221026_meio_2,EMOBON mimarks-specimen sediment sample from station UMF collected on 2022-10-26 community collected meio,33208,Metazoa ,mimarks-specimen,sediment [ENVO:00002007],2022-10-26 00:00:00,UMF_So_221026,Annie Marie Cox,NA,,meio,,2,32,NA,13,Van Veen Grab,SoSOP3,NA,2022-10-26 00:00:00,NA,-20,Annie Marie Cox,NA,NA,NA,N,NA,NA,NA,NA,NA,NA,NA,NA,NA,NA,EMOBON_UMF_So_2
EMOBON_UMF_So_221026_meio_3,EMOBON mimarks-specimen sediment sample from station UMF collected on 2022-10-26 community collected meio,33208,Metazoa ,mimarks-specimen,sediment [ENVO:00002007],2022-10-26 00:00:00,UMF_So_221026,Annie Marie Cox,NA,,meio,,3,32,NA,13,Van Veen Grab,SoSOP3,NA,2022-10-26 00:00:00,"UMF, A13B passage, -80 freezer",-20,Annie Marie Cox,NA,NA,NA,Y,NA,NA,NA,NA,NA,NA,NA,NA,NA,NA,EMOBON_UMF_So_3
EMOBON_UMF_So_221026_meio_4,EMOBON mimarks-specimen sediment sample from station UMF collected on 2022-10-26 community collected meio,33208,Metazoa ,mimarks-specimen,sediment [ENVO:00002007],2022-10-26 00:00:00,UMF_So_221026,Annie Marie Cox,NA,,meio,,4,32,NA,13,Van Veen Grab,SoSOP3,NA,2022-10-26 00:00:00,"UMF, A13B passage, -80 freezer",-20,Annie Marie Cox,NA,NA,NA,Y,NA,NA,NA,NA,NA,NA,NA,NA,NA,NA,EMOBON_UMF_So_4
EMOBON_UMF_So_221026_micro_1,EMOBON metagenome sediment sample from station UMF collected on 2022-10-26 community collected micro,412755,marine sediment metagenome,metagenome,sediment [ENVO:00002007],2022-10-26 00:00:00,UMF_So_221026,Annie Marie Cox,NA,,micro,,1,NA,NA,13,Van Veen Grab,SoSOP3,NA,2022-10-26 00:00:00,NA,-80,Annie Marie Cox,NA,NA,NA,N,NA,2023-06-12 00:00:00,2023-06-14 00:00:00,-70,2024-04-17 00:00:00,2024-04-18 00:00:00,batch_4,F,NA,,EMOBON_UMF_So_5
EMOBON_UMF_So_221026_micro_2,EMOBON metagenome sediment sample from station UMF collected on 2022-10-26 community collected micro,412755,marine sediment metagenome,metagenome,sediment [ENVO:00002007],2022-10-26 00:00:00,UMF_So_221026,Annie Marie Cox,NA,,micro,,2,NA,NA,13,Van Veen Grab,SoSOP3,NA,2022-10-26 00:00:00,NA,-80,Annie Marie Cox,NA,NA,NA,N,NA,2023-06-12 00:00:00,2023-06-14 00:00:00,-70,2024-04-17 00:00:00,2024-04-18 00:00:00,batch_4,F,NA,,EMOBON_UMF_So_6
EMOBON_UMF_So_221026_micro_3,EMOBON metagenome sediment sample from station UMF collected on 2022-10-26 community collected micro,412755,marine sediment metagenome,metagenome,sediment [ENVO:00002007],2022-10-26 00:00:00,UMF_So_221026,Annie Marie Cox,NA,,micro,,3,NA,NA,13,Van Veen Grab,SoSOP3,NA,2022-10-26 00:00:00,"UMF, A13B passage, -80 freezer, box 1",-80,Annie Marie Cox,NA,NA,NA,Y,NA,NA,NA,NA,NA,NA,NA,NA,NA,NA,EMOBON_UMF_So_7
EMOBON_UMF_So_221026_micro_4,EMOBON metagenome sediment sample from station UMF collected on 2022-10-26 community collected micro,412755,marine sediment metagenome,metagenome,sediment [ENVO:00002007],2022-10-26 00:00:00,UMF_So_221026,Annie Marie Cox,NA,,micro,,4,NA,NA,13,Van Veen Grab,SoSOP3,NA,2022-10-26 00:00:00,"UMF, A13B passage, -80 freezer, box 1",-80,Annie Marie Cox,NA,NA,NA,Y,NA,NA,NA,NA,NA,NA,NA,NA,NA,NA,EMOBON_UMF_So_8
EMOBON_UMF_So_221026_micro_blank,EMOBON metagenome sediment sample from station UMF collected on 2022-10-26 community collected micro,256318,metagenome,metagenome,sediment [ENVO:00002007],2022-10-26 00:00:00,UMF_So_221026,Annie Marie Cox,NA,,micro,,blank_1,NA,NA,13,Van Veen Grab,SoSOP3,NA,2022-10-26 00:00:00,"UMF, A13B passage, -80 freezer, box 1",-80,Annie Marie Cox,NA,NA,NA,Y,NA,NA,NA,NA,NA,NA,NA,NA,NA,NA,EMOBON_UMF_So_9
EMOBON_UMF_So_221026_macro_1,EMOBON mimarks-specimen sediment sample from station UMF collected on 2022-10-26 community collected macro,33208,Metazoa ,mimarks-specimen,sediment [ENVO:00002007],2022-10-26 00:00:00,UMF_So_221026,Annie Marie Cox,NA,,macro,,1,1000,NA,13,Van Veen Grab,SoSOP3,NA,2022-10-26 00:00:00,NA,4,Annie Marie Cox,NA,NA,NA,N,NA,2023-09-06 00:00:00,2023-09-13 00:00:00,-70,2024-04-17 00:00:00,2024-04-18 00:00:00,batch_4,F,NA,,EMOBON_UMF_So_10
EMOBON_UMF_So_221026_macro_2,EMOBON mimarks-specimen sediment sample from station UMF collected on 2022-10-26 community collected macro,33208,Metazoa ,mimarks-specimen,sediment [ENVO:00002007],2022-10-26 00:00:00,UMF_So_221026,Annie Marie Cox,NA,,macro,,2,1000,NA,13,Van Veen Grab,SoSOP3,NA,2022-10-26 00:00:00,NA,4,Annie Marie Cox,NA,NA,NA,N,NA,2023-09-06 00:00:00,2023-09-13 00:00:00,-70,2024-04-17 00:00:00,2024-04-18 00:00:00,batch_4,F,NA,,EMOBON_UMF_So_11
EMOBON_UMF_So_221026_macro_3,EMOBON mimarks-specimen sediment sample from station UMF collected on 2022-10-26 community collected macro,33208,Metazoa ,mimarks-specimen,sediment [ENVO:00002007],2022-10-26 00:00:00,UMF_So_221026,Annie Marie Cox,NA,,macro,,3,1000,NA,13,Van Veen Grab,SoSOP3,NA,2022-10-26 00:00:00,"UMF, A23, +4 room",4,Annie Marie Cox,NA,NA,NA,Y,NA,NA,NA,NA,NA,NA,NA,NA,NA,NA,EMOBON_UMF_So_12
EMOBON_UMF_So_221026_macro_4,EMOBON mimarks-specimen sediment sample from station UMF collected on 2022-10-26 community collected macro,33208,Metazoa ,mimarks-specimen,sediment [ENVO:00002007],2022-10-26 00:00:00,UMF_So_221026,Annie Marie Cox,NA,,macro,,4,1000,NA,13,Van Veen Grab,SoSOP3,NA,2022-10-26 00:00:00,"UMF, A23, +4 room",4,Annie Marie Cox,NA,NA,NA,Y,NA,NA,NA,NA,NA,NA,NA,NA,NA,NA,EMOBON_UMF_So_13
EMOBON_UMF_So_221201_micro_1,EMOBON metagenome sediment sample from station UMF collected on 2022-12-01 community collected micro,412755,marine sediment metagenome,metagenome,sediment [ENVO:00002007],2022-12-01 00:00:00,UMF_So_221201,Annie Marie Cox,NA,,micro,,1,NA,NA,13,Van Veen Grab,SoSOP3,NA,2022-12-01 00:00:00,NA,-80,Annie Marie Cox,NA,NA,NA,N,NA,2023-06-12 00:00:00,2023-06-14 00:00:00,-70,2024-04-17 00:00:00,2024-04-18 00:00:00,batch_4,F,NA,,EMOBON_UMF_So_14
EMOBON_UMF_So_221201_micro_2,EMOBON metagenome sediment sample from station UMF collected on 2022-12-01 community collected micro,412755,marine sediment metagenome,metagenome,sediment [ENVO:00002007],2022-12-01 00:00:00,UMF_So_221201,Annie Marie Cox,NA,,micro,,2,NA,NA,13,Van Veen Grab,SoSOP3,NA,2022-12-01 00:00:00,NA,-80,Annie Marie Cox,NA,NA,NA,N,NA,2023-06-12 00:00:00,2023-06-14 00:00:00,-70,2024-04-17 00:00:00,2024-04-18 00:00:00,batch_4,F,NA,,EMOBON_UMF_So_15
EMOBON_UMF_So_221201_micro_3,EMOBON metagenome sediment sample from station UMF collected on 2022-12-01 community collected micro,412755,marine sediment metagenome,metagenome,sediment [ENVO:00002007],2022-12-01 00:00:00,UMF_So_221201,Annie Marie Cox,NA,,micro,,3,NA,NA,13,Van Veen Grab,SoSOP3,NA,2022-12-01 00:00:00,"UMF, A13B passage, -80 freezer, box 1",-80,Annie Marie Cox,NA,NA,NA,Y,NA,NA,NA,NA,NA,NA,NA,NA,NA,NA,EMOBON_UMF_So_16
EMOBON_UMF_So_221201_micro_4,EMOBON metagenome sediment sample from station UMF collected on 2022-12-01 community collected micro,412755,marine sediment metagenome,metagenome,sediment [ENVO:00002007],2022-12-01 00:00:00,UMF_So_221201,Annie Marie Cox,NA,,micro,,4,NA,NA,13,Van Veen Grab,SoSOP3,NA,2022-12-01 00:00:00,"UMF, A13B passage, -80 freezer, box 1",-80,Annie Marie Cox,NA,NA,NA,Y,NA,NA,NA,NA,NA,NA,NA,NA,NA,NA,EMOBON_UMF_So_17
EMOBON_UMF_So_221201_micro_blank1,EMOBON metagenome sediment sample from station UMF collected on 2022-12-01 community collected micro,256318,metagenome,metagenome,sediment [ENVO:00002007],2022-12-01 00:00:00,UMF_So_221201,Annie Marie Cox,NA,,micro,,blank_1,NA,NA,13,Van Veen Grab,SoSOP3,NA,2022-12-01 00:00:00,"UMF, A13B passage, -80 freezer, box 1",-80,Annie Marie Cox,NA,NA,NA,Y,NA,NA,NA,NA,NA,NA,NA,NA,NA,NA,EMOBON_UMF_So_18
EMOBON_UMF_So_230228_micro_1,EMOBON metagenome sediment sample from station UMF collected on 2023-02-28 community collected micro,412755,marine sediment metagenome,metagenome,sediment [ENVO:00002007],2023-02-28 00:00:00,UMF_So_230228,Annie Marie Cox,NA,,micro,,1,NA,NA,13,Smith McIntyre Grab,SoSOP3,NA,2023-02-28 00:00:00,NA,-80,Annie Marie Cox,NA,NA,NA,N,NA,2023-06-12 00:00:00,2023-06-14 00:00:00,-70,2024-04-17 00:00:00,2024-04-18 00:00:00,batch_4,F,NA,,EMOBON_UMF_So_19
EMOBON_UMF_So_230228_micro_2,EMOBON metagenome sediment sample from station UMF collected on 2023-02-28 community collected micro,412755,marine sediment metagenome,metagenome,sediment [ENVO:00002007],2023-02-28 00:00:00,UMF_So_230228,Annie Marie Cox,NA,,micro,,2,NA,NA,13,Smith McIntyre Grab,SoSOP3,NA,2023-02-28 00:00:00,NA,-80,Annie Marie Cox,NA,NA,NA,N,NA,2023-06-12 00:00:00,2023-06-14 00:00:00,-70,2024-04-17 00:00:00,2024-04-18 00:00:00,batch_4,F,NA,,EMOBON_UMF_So_20
EMOBON_UMF_So_230228_micro_3,EMOBON metagenome sediment sample from station UMF collected on 2023-02-28 community collected micro,412755,marine sediment metagenome,metagenome,sediment [ENVO:00002007],2023-02-28 00:00:00,UMF_So_230228,Annie Marie Cox,NA,,micro,,3,NA,NA,13,Smith McIntyre Grab,SoSOP3,NA,2023-02-28 00:00:00,"UMF, A13B passage, -80 freezer, box 1",-80,Annie Marie Cox,NA,NA,NA,Y,NA,NA,NA,NA,NA,NA,NA,NA,NA,NA,EMOBON_UMF_So_21
EMOBON_UMF_So_230228_micro_4,EMOBON metagenome sediment sample from station UMF collected on 2023-02-28 community collected micro,412755,marine sediment metagenome,metagenome,sediment [ENVO:00002007],2023-02-28 00:00:00,UMF_So_230228,Annie Marie Cox,NA,,micro,,4,NA,NA,13,Smith McIntyre Grab,SoSOP3,NA,2023-02-28 00:00:00,"UMF, A13B passage, -80 freezer, box 1",-80,Annie Marie Cox,NA,NA,NA,Y,NA,NA,NA,NA,NA,NA,NA,NA,NA,NA,EMOBON_UMF_So_22
EMOBON_UMF_So_230228_micro_blank,EMOBON metagenome sediment sample from station UMF collected on 2023-02-28 community collected micro,256318,metagenome,metagenome,sediment [ENVO:00002007],2023-02-28 00:00:00,UMF_So_230228,Annie Marie Cox,NA,,micro,,blank_1,NA,NA,13,Smith McIntyre Grab,SoSOP3,NA,2023-02-28 00:00:00,"UMF, A13B passage, -80 freezer, box 1",-80,Annie Marie Cox,NA,NA,NA,Y,NA,NA,NA,NA,NA,NA,NA,NA,NA,NA,EMOBON_UMF_So_23
EMOBON_UMF_So_230502_meio_1,EMOBON mimarks-specimen sediment sample from station UMF collected on 2023-05-02 community collected meio,33208,Metazoa ,mimarks-specimen,sediment [ENVO:00002007],2023-05-02 00:00:00,UMF_So_230502,Annie Marie Cox,NA,,meio,,1,32,NA,13,Van Veen Grab,SoSOP3,NA,2023-05-02 00:00:00,NA,-20,Annie Marie Cox,NA,NA,NA,N,NA,2023-09-06 00:00:00,2023-09-13 00:00:00,-70,2024-04-17 00:00:00,2024-04-18 00:00:00,batch_5,F,NA,NA,EMOBON_UMF_So_24
EMOBON_UMF_So_230502_meio_2,EMOBON mimarks-specimen sediment sample from station UMF collected on 2023-05-02 community collected meio,33208,Metazoa ,mimarks-specimen,sediment [ENVO:00002007],2023-05-02 00:00:00,UMF_So_230502,Annie Marie Cox,NA,,meio,,2,32,NA,13,Van Veen Grab,SoSOP3,NA,2023-05-02 00:00:00,NA,-20,Annie Marie Cox,NA,NA,NA,N,NA,NA,NA,NA,NA,NA,NA,NA,NA,NA,EMOBON_UMF_So_25
EMOBON_UMF_So_230502_meio_3,EMOBON mimarks-specimen sediment sample from station UMF collected on 2023-05-02 community collected meio,33208,Metazoa ,mimarks-specimen,sediment [ENVO:00002007],2023-05-02 00:00:00,UMF_So_230502,Annie Marie Cox,NA,,meio,,3,32,NA,13,Van Veen Grab,SoSOP3,NA,2023-05-02 00:00:00,"UMF, A13B passage, -80 freezer",-20,Annie Marie Cox,NA,NA,NA,Y,NA,NA,NA,NA,NA,NA,NA,NA,NA,NA,EMOBON_UMF_So_26
EMOBON_UMF_So_230502_meio_4,EMOBON mimarks-specimen sediment sample from station UMF collected on 2023-05-02 community collected meio,33208,Metazoa ,mimarks-specimen,sediment [ENVO:00002007],2023-05-02 00:00:00,UMF_So_230502,Annie Marie Cox,NA,,meio,,4,32,NA,13,Van Veen Grab,SoSOP3,NA,2023-05-02 00:00:00,"UMF, A13B passage, -80 freezer",-20,Annie Marie Cox,NA,NA,NA,Y,NA,NA,NA,NA,NA,NA,NA,NA,NA,NA,EMOBON_UMF_So_27
EMOBON_UMF_So_230502_micro_1,EMOBON metagenome sediment sample from station UMF collected on 2023-05-02 community collected micro,412755,marine sediment metagenome,metagenome,sediment [ENVO:00002007],2023-05-02 00:00:00,UMF_So_230502,Annie Marie Cox,NA,,micro,,1,NA,NA,13,Van Veen Grab,SoSOP3,NA,2023-05-02 00:00:00,NA,-80,Annie Marie Cox,NA,NA,NA,Y,NA,NA,NA,NA,NA,NA,NA,NA,NA,NA,EMOBON_UMF_So_28
EMOBON_UMF_So_230502_micro_2,EMOBON metagenome sediment sample from station UMF collected on 2023-05-02 community collected micro,412755,marine sediment metagenome,metagenome,sediment [ENVO:00002007],2023-05-02 00:00:00,UMF_So_230502,Annie Marie Cox,NA,,micro,,2,NA,NA,13,Van Veen Grab,SoSOP3,NA,2023-05-02 00:00:00,NA,-80,Annie Marie Cox,NA,NA,NA,N,NA,2023-06-12 00:00:00,2023-06-14 00:00:00,-70,2024-04-17 00:00:00,2024-04-18 00:00:00,batch_4,F,NA,,EMOBON_UMF_So_29
EMOBON_UMF_So_230502_micro_3,EMOBON metagenome sediment sample from station UMF collected on 2023-05-02 community collected micro,412755,marine sediment metagenome,metagenome,sediment [ENVO:00002007],2023-05-02 00:00:00,UMF_So_230502,Annie Marie Cox,NA,,micro,,3,NA,NA,13,Van Veen Grab,SoSOP3,NA,2023-05-02 00:00:00,"UMF, A13B passage, -80 freezer, box 1",-80,Annie Marie Cox,NA,NA,NA,N,NA,2023-06-12 00:00:00,2023-06-14 00:00:00,-70,2024-04-17 00:00:00,2024-04-18 00:00:00,batch_4,F,NA,,EMOBON_UMF_So_30
EMOBON_UMF_So_230502_micro_4,EMOBON metagenome sediment sample from station UMF collected on 2023-05-02 community collected micro,412755,marine sediment metagenome,metagenome,sediment [ENVO:00002007],2023-05-02 00:00:00,UMF_So_230502,Annie Marie Cox,NA,,micro,,4,NA,NA,13,Van Veen Grab,SoSOP3,NA,2023-05-02 00:00:00,"UMF, A13B passage, -80 freezer, box 1",-80,Annie Marie Cox,NA,NA,NA,Y,NA,NA,NA,NA,NA,NA,NA,NA,NA,NA,EMOBON_UMF_So_31
EMOBON_UMF_So_230502_micro_blank,EMOBON metagenome sediment sample from station UMF collected on 2023-05-02 community collected micro,256318,metagenome,metagenome,sediment [ENVO:00002007],2023-05-02 00:00:00,UMF_So_230502,Annie Marie Cox,NA,,micro,,blank_1,NA,NA,13,Van Veen Grab,SoSOP3,NA,2023-05-02 00:00:00,"UMF, A13B passage, -80 freezer, box 1",-80,Annie Marie Cox,NA,NA,NA,Y,NA,NA,NA,NA,NA,NA,NA,NA,NA,NA,EMOBON_UMF_So_32
EMOBON_UMF_So_230502_macro_1,EMOBON mimarks-specimen sediment sample from station UMF collected on 2023-05-02 community collected macro,33208,Metazoa ,mimarks-specimen,sediment [ENVO:00002007],2023-05-02 00:00:00,UMF_So_230502,Annie Marie Cox,NA,,macro,,1,1000,NA,13,Van Veen Grab,SoSOP3,NA,2023-05-02 00:00:00,NA,5,Annie Marie Cox,NA,NA,NA,N,NA,2023-09-06 00:00:00,2023-09-13 00:00:00,-70,2024-04-17 00:00:00,2024-04-18 00:00:00,batch_4,F,NA,,EMOBON_UMF_So_33
EMOBON_UMF_So_230502_macro_2,EMOBON mimarks-specimen sediment sample from station UMF collected on 2023-05-02 community collected macro,33208,Metazoa ,mimarks-specimen,sediment [ENVO:00002007],2023-05-02 00:00:00,UMF_So_230502,Annie Marie Cox,NA,,macro,,2,1000,NA,13,Van Veen Grab,SoSOP3,NA,2023-05-02 00:00:00,NA,5,Annie Marie Cox,NA,NA,NA,N,NA,2023-09-06 00:00:00,2023-09-13 00:00:00,-70,2024-04-17 00:00:00,2024-04-18 00:00:00,batch_4,F,NA,,EMOBON_UMF_So_34
EMOBON_UMF_So_230502_macro_3,EMOBON mimarks-specimen sediment sample from station UMF collected on 2023-05-02 community collected macro,33208,Metazoa ,mimarks-specimen,sediment [ENVO:00002007],2023-05-02 00:00:00,UMF_So_230502,Annie Marie Cox,NA,,macro,,3,1000,NA,13,Van Veen Grab,SoSOP3,NA,2023-05-02 00:00:00,"UMF, A23, +4 room",5,Annie Marie Cox,NA,NA,NA,Y,NA,NA,NA,NA,NA,NA,NA,NA,NA,NA,EMOBON_UMF_So_35
EMOBON_UMF_So_230502_macro_4,EMOBON mimarks-specimen sediment sample from station UMF collected on 2023-05-02 community collected macro,33208,Metazoa ,mimarks-specimen,sediment [ENVO:00002007],2023-05-02 00:00:00,UMF_So_230502,Annie Marie Cox,NA,,macro,,4,1000,NA,13,Van Veen Grab,SoSOP3,NA,2023-05-02 00:00:00,"UMF, A23, +4 room",5,Annie Marie Cox,NA,NA,NA,Y,NA,NA,NA,NA,NA,NA,NA,NA,NA,NA,EMOBON_UMF_So_36
EMOBON_UMF_So_230502_micro_1,EMOBON mimarks-specimen sediment sample from station UMF collected on 2023-05-02 community collected micro,33208,Metazoa,mimarks-specimen,sediment [ENVO:00002007],2023-05-02 00:00:00,UMF_So_230619,Annie Marie Cox,NA,,micro,,1,NA,NA,13,Van Veen Grab,SoSOP3,NA,2023-05-02 00:00:00,"UMF, A13B passage, -80 freezer",-80,Annie Marie Cox,NA,NA,NA,N,NA,NA,NA,NA,NA,NA,NA,NA,NA,NA,EMOBON_UMF_So_37
EMOBON_UMF_So_230502_micro_2,EMOBON mimarks-specimen sediment sample from station UMF collected on 2023-05-02 community collected micro,33208,Metazoa,mimarks-specimen,sediment [ENVO:00002007],2023-05-02 00:00:00,UMF_So_230619,Annie Marie Cox,NA,,micro,,2,NA,NA,13,Van Veen Grab,SoSOP3,NA,2023-05-02 00:00:00,"UMF, A13B passage, -80 freezer",-80,Annie Marie Cox,NA,NA,NA,N,NA,NA,NA,NA,NA,NA,NA,NA,NA,NA,EMOBON_UMF_So_38
EMOBON_UMF_So_230502_micro_3,EMOBON mimarks-specimen sediment sample from station UMF collected on 2023-05-02 community collected micro,33208,Metazoa,mimarks-specimen,sediment [ENVO:00002007],2023-05-02 00:00:00,UMF_So_230619,Annie Marie Cox,NA,,micro,,3,NA,NA,13,Van Veen Grab,SoSOP3,NA,2023-05-02 00:00:00,"UMF, A13B passage, -80 freezer, box 1",-80,Annie Marie Cox,NA,NA,NA,Y,NA,NA,NA,NA,NA,NA,NA,NA,NA,NA,EMOBON_UMF_So_39
EMOBON_UMF_So_230502_micro_4,EMOBON mimarks-specimen sediment sample from station UMF collected on 2023-05-02 community collected micro,33208,Metazoa,mimarks-specimen,sediment [ENVO:00002007],2023-05-02 00:00:00,UMF_So_230619,Annie Marie Cox,NA,,micro,,4,NA,NA,13,Van Veen Grab,SoSOP3,NA,2023-05-02 00:00:00,"UMF, A13B passage, -80 freezer, box 1",-80,Annie Marie Cox,NA,NA,NA,Y,NA,NA,NA,NA,NA,NA,NA,NA,NA,NA,EMOBON_UMF_So_40
EMOBON_UMF_So_230502_micro_blank,EMOBON mimarks-specimen sediment sample from station UMF collected on 2023-05-02 community collected micro,256318,Metazoa,mimarks-specimen,sediment [ENVO:00002007],2023-05-02 00:00:00,UMF_So_230619,Annie Marie Cox,NA,,micro,,blank_1,NA,NA,13,Van Veen Grab,SoSOP3,NA,2023-05-02 00:00:00,"UMF, A13B passage, -80 freezer, box 1",-80,Annie Marie Cox,NA,NA,NA,Y,NA,NA,NA,NA,NA,NA,NA,NA,NA,NA,EMOBON_UMF_So_41
EMOBON_UMF_So_230502_micro_1,EMOBON mimarks-specimen sediment sample from station UMF collected on 2023-05-02 community collected micro,33208,Metazoa,mimarks-specimen,sediment [ENVO:00002007],2023-05-02 00:00:00,UMF_So_230803,Annie Marie Cox,NA,,micro,,1,NA,NA,13,Smith McIntyre Grab,SoSOP3,NA,2023-05-02 00:00:00,"UMF, A13B passage, -80 freezer",-80,Annie Marie Cox,NA,NA,NA,N,NA,NA,NA,NA,NA,NA,NA,NA,NA,NA,EMOBON_UMF_So_42
EMOBON_UMF_So_230502_micro_2,EMOBON mimarks-specimen sediment sample from station UMF collected on 2023-05-02 community collected micro,33208,Metazoa,mimarks-specimen,sediment [ENVO:00002007],2023-05-02 00:00:00,UMF_So_230803,Annie Marie Cox,NA,,micro,,2,NA,NA,13,Smith McIntyre Grab,SoSOP3,NA,2023-05-02 00:00:00,"UMF, A13B passage, -80 freezer",-80,Annie Marie Cox,NA,NA,NA,N,NA,NA,NA,NA,NA,NA,NA,NA,NA,NA,EMOBON_UMF_So_43
EMOBON_UMF_So_230502_micro_3,EMOBON mimarks-specimen sediment sample from station UMF collected on 2023-05-02 community collected micro,33208,Metazoa,mimarks-specimen,sediment [ENVO:00002007],2023-05-02 00:00:00,UMF_So_230803,Annie Marie Cox,NA,,micro,,3,NA,NA,13,Smith McIntyre Grab,SoSOP3,NA,2023-05-02 00:00:00,"UMF, A13B passage, -80 freezer",-80,Annie Marie Cox,NA,NA,NA,Y,NA,NA,NA,NA,NA,NA,NA,NA,NA,NA,EMOBON_UMF_So_44
EMOBON_UMF_So_230502_micro_4,EMOBON mimarks-specimen sediment sample from station UMF collected on 2023-05-02 community collected micro,33208,Metazoa,mimarks-specimen,sediment [ENVO:00002007],2023-05-02 00:00:00,UMF_So_230803,Annie Marie Cox,NA,,micro,,4,NA,NA,13,Smith McIntyre Grab,SoSOP3,NA,2023-05-02 00:00:00,"UMF, A13B passage, -80 freezer",-80,Annie Marie Cox,NA,NA,NA,Y,NA,NA,NA,NA,NA,NA,NA,NA,NA,NA,EMOBON_UMF_So_45
EMOBON_UMF_So_230502_micro_blank,EMOBON mimarks-specimen sediment sample from station UMF collected on 2023-05-02 community collected micro,256318,Metazoa,mimarks-specimen,sediment [ENVO:00002007],2023-05-02 00:00:00,UMF_So_230803,Annie Marie Cox,NA,no_tide,micro,,blank_1,NA,NA,13,Smith McIntyre Grab,SoSOP3,NA,2023-05-02 00:00:00,"UMF, A13B passage, -80 freezer",-80,Annie Marie Cox,NA,NA,NA,Y,NA,NA,NA,NA,NA,NA,NA,NA,NA,NA,EMOBON_UMF_So_46
EMOBON_UMF_So_230619_meio_1,EMOBON mimarks-specimen sediment sample from station UMF collected on 2023-06-19 community collected meio,33208,metazoa,mimarks-specimen,sediment [ENVO:00002007],2023-06-19 00:00:00,UMF_So_230619,Annie Marie Cox,NA,no_tide,meio,NA,1,32,NA,13,Van Veen Grab,SoSOP3,NA,2023-06-19 00:00:00,"UMF, A13B passage, -80 freezer",-20,Annie Marie Cox,NA,NA,NA,N,NA,NA,NA,NA,NA,NA,NA,NA,NA,NA,EMOBON_UMF_So_47
EMOBON_UMF_So_230619_meio_2,EMOBON mimarks-specimen sediment sample from station UMF collected on 2023-06-19 community collected meio,33208,metazoa,mimarks-specimen,sediment [ENVO:00002007],2023-06-19 00:00:00,UMF_So_230619,Annie Marie Cox,NA,no_tide,meio,NA,2,32,NA,13,Van Veen Grab,SoSOP3,NA,2023-06-19 00:00:00,"UMF, A13B passage, -80 freezer",-20,Annie Marie Cox,NA,NA,NA,N,NA,NA,NA,NA,NA,NA,NA,NA,NA,NA,EMOBON_UMF_So_48
EMOBON_UMF_So_230619_meio_3,EMOBON mimarks-specimen sediment sample from station UMF collected on 2023-06-19 community collected meio,33208,metazoa,mimarks-specimen,sediment [ENVO:00002007],2023-06-19 00:00:00,UMF_So_230619,Annie Marie Cox,NA,no_tide,meio,NA,3,32,NA,13,Van Veen Grab,SoSOP3,NA,2023-06-19 00:00:00,"UMF, A13B passage, -80 freezer",-20,Annie Marie Cox,NA,NA,NA,Y,NA,NA,NA,NA,NA,NA,NA,NA,NA,NA,EMOBON_UMF_So_49
EMOBON_UMF_So_230619_meio_4,EMOBON mimarks-specimen sediment sample from station UMF collected on 2023-06-19 community collected meio,33208,metazoa,mimarks-specimen,sediment [ENVO:00002007],2023-06-19 00:00:00,UMF_So_230619,Annie Marie Cox,NA,no_tide,meio,NA,4,32,NA,13,Van Veen Grab,SoSOP3,NA,2023-06-19 00:00:00,"UMF, A13B passage, -80 freezer",-20,Annie Marie Cox,NA,NA,NA,Y,NA,NA,NA,NA,NA,NA,NA,NA,NA,NA,EMOBON_UMF_So_50
EMOBON_UMF_So_230619_meio_blank,EMOBON mimarks-specimen sediment sample from station UMF collected on 2023-06-19 community collected meio,256318,metagenome,mimarks-specimen,sediment [ENVO:00002007],2023-06-19 00:00:00,UMF_So_230619,Annie Marie Cox,NA,no_tide,meio,NA,blank_1,32,NA,13,Van Veen Grab,SoSOP3,NA,2023-06-19 00:00:00,"UMF, A13B passage, -80 freezer",-20,Annie Marie Cox,NA,NA,NA,Y,NA,NA,NA,NA,NA,NA,NA,NA,NA,NA,EMOBON_UMF_So_51
EMOBON_UMF_So_230619_micro_1,EMOBON metagenome sediment sample from station UMF collected on 2023-06-19 community collected micro,412755,marine sediment metagenome,metagenome,sediment [ENVO:00002007],2023-06-19 00:00:00,UMF_So_230619,Annie Marie Cox,NA,no_tide,micro,NA,1,NA,NA,13,Van Veen Grab,SoSOP3,NA,2023-06-19 00:00:00,NA,-80,Annie Marie Cox,NA,NA,NA,N,NA,2023-06-12 00:00:00,2023-06-14 00:00:00,-70,2024-04-17 00:00:00,2024-04-18 00:00:00,batch_4,F,NA,,EMOBON_UMF_So_52
EMOBON_UMF_So_230619_micro_2,EMOBON metagenome sediment sample from station UMF collected on 2023-06-19 community collected micro,412755,marine sediment metagenome,metagenome,sediment [ENVO:00002007],2023-06-19 00:00:00,UMF_So_230619,Annie Marie Cox,NA,no_tide,micro,NA,2,NA,NA,13,Van Veen Grab,SoSOP3,NA,2023-06-19 00:00:00,NA,-80,Annie Marie Cox,NA,NA,NA,N,NA,2023-06-12 00:00:00,2023-06-14 00:00:00,-70,2024-04-17 00:00:00,2024-04-18 00:00:00,batch_4,F,NA,,EMOBON_UMF_So_53
EMOBON_UMF_So_230619_micro_3,EMOBON metagenome sediment sample from station UMF collected on 2023-06-19 community collected micro,412755,marine sediment metagenome,metagenome,sediment [ENVO:00002007],2023-06-19 00:00:00,UMF_So_230619,Annie Marie Cox,NA,no_tide,micro,NA,3,NA,NA,13,Van Veen Grab,SoSOP3,NA,2023-06-19 00:00:00,"UMF, A13B passage, -80 freezer, box 1",-80,Annie Marie Cox,NA,NA,NA,Y,NA,NA,NA,NA,NA,NA,NA,NA,NA,NA,EMOBON_UMF_So_54
EMOBON_UMF_So_230619_micro_4,EMOBON metagenome sediment sample from station UMF collected on 2023-06-19 community collected micro,412755,marine sediment metagenome,metagenome,sediment [ENVO:00002007],2023-06-19 00:00:00,UMF_So_230619,Annie Marie Cox,NA,no_tide,micro,NA,4,NA,NA,13,Van Veen Grab,SoSOP3,NA,2023-06-19 00:00:00,"UMF, A13B passage, -80 freezer, box 1",-80,Annie Marie Cox,NA,NA,NA,Y,NA,NA,NA,NA,NA,NA,NA,NA,NA,NA,EMOBON_UMF_So_55
EMOBON_UMF_So_230619_micro_blank,EMOBON metagenome sediment sample from station UMF collected on 2023-06-19 community collected micro,256318,metagenome,metagenome,sediment [ENVO:00002007],2023-06-19 00:00:00,UMF_So_230619,Annie Marie Cox,NA,no_tide,micro,NA,blank_1,NA,NA,13,Van Veen Grab,SoSOP3,NA,2023-06-19 00:00:00,"UMF, A13B passage, -80 freezer, box 1",-80,Annie Marie Cox,NA,NA,NA,Y,NA,NA,NA,NA,NA,NA,NA,NA,NA,NA,EMOBON_UMF_So_56
EMOBON_UMF_So_230803_micro_1,EMOBON metagenome sediment sample from station UMF collected on 2023-06-19 community collected micro,412755,marine sediment metagenome,metagenome,sediment [ENVO:00002007],2023-08-03 00:00:00,UMF_So_230803,Annie Marie Cox,NA,no_tide,micro,NA,1,NA,NA,13,Van Veen Grab,SoSOP3,NA,2023-08-03 00:00:00,NA,-80,Annie Marie Cox,NA,NA,NA,N,NA,2023-06-12 00:00:00,2023-06-14 00:00:00,-70,2024-04-17 00:00:00,2024-04-18 00:00:00,batch_4,F,NA,,EMOBON_UMF_So_57
EMOBON_UMF_So_230803_micro_2,EMOBON metagenome sediment sample from station UMF collected on 2023-06-19 community collected micro,412755,marine sediment metagenome,metagenome,sediment [ENVO:00002007],2023-08-03 00:00:00,UMF_So_230803,Annie Marie Cox,NA,no_tide,micro,NA,2,NA,NA,13,Van Veen Grab,SoSOP3,NA,2023-08-03 00:00:00,NA,-80,Annie Marie Cox,NA,NA,NA,N,NA,2023-06-12 00:00:00,2023-06-14 00:00:00,-70,2024-04-17 00:00:00,2024-04-18 00:00:00,batch_4,F,NA,,EMOBON_UMF_So_58
EMOBON_UMF_So_230803_micro_3,EMOBON metagenome sediment sample from station UMF collected on 2023-06-19 community collected micro,412755,marine sediment metagenome,metagenome,sediment [ENVO:00002007],2023-08-03 00:00:00,UMF_So_230803,Annie Marie Cox,NA,no_tide,micro,NA,3,NA,NA,13,Van Veen Grab,SoSOP3,NA,2023-08-03 00:00:00,"UMF, A13B passage, -80 freezer, box 1",-80,Annie Marie Cox,NA,NA,NA,Y,NA,NA,NA,NA,NA,NA,NA,NA,NA,NA,EMOBON_UMF_So_59
EMOBON_UMF_So_230803_micro_4,EMOBON metagenome sediment sample from station UMF collected on 2023-06-19 community collected micro,412755,marine sediment metagenome,metagenome,sediment [ENVO:00002007],2023-08-03 00:00:00,UMF_So_230803,Annie Marie Cox,NA,no_tide,micro,NA,4,NA,NA,13,Van Veen Grab,SoSOP3,NA,2023-08-03 00:00:00,"UMF, A13B passage, -80 freezer, box 1",-80,Annie Marie Cox,NA,NA,NA,Y,NA,NA,NA,NA,NA,NA,NA,NA,NA,NA,EMOBON_UMF_So_60
EMOBON_UMF_So_230803_micro_blank,EMOBON metagenome sediment sample from station UMF collected on 2023-06-19 community collected micro,256318,metagenome,metagenome,sediment [ENVO:00002007],2023-08-03 00:00:00,UMF_So_230803,Annie Marie Cox,NA,no_tide,micro,NA,blank_1,NA,NA,13,Van Veen Grab,SoSOP3,NA,2023-08-03 00:00:00,"UMF, A13B passage, -80 freezer, box 1",-80,Annie Marie Cox,NA,NA,NA,Y,NA,NA,NA,NA,NA,NA,NA,NA,NA,NA,EMOBON_UMF_So_61
EMOBON_UMF_So_231010_meio_1,EMOBON mimarks-specimen sediment sample from station UMF collected on 2023-06-19 community collected micro,33208,metazoa,mimarks-specimen,sediment [ENVO:00002007],2023-10-10 00:00:00,UMF_So_231010,Annie Marie Cox,NA,no_tide,meio,NA,1,32,NA,13,Van Veen Grab,SoSOP3,NA,2023-10-10 00:00:00,NA,-20,Annie Marie Cox,NA,NA,NA,N,NA,2025-01-31 00:00:00,2025-02-13 00:00:00,-20,2025-04-07 00:00:00,2025-04-15 00:00:00,batch_6,T,Sample extraction. Difficult to understand protocol,,EMOBON_UMF_So_62
EMOBON_UMF_So_231010_meio_2,EMOBON mimarks-specimen sediment sample from station UMF collected on 2023-06-19 community collected micro,33208,metazoa,mimarks-specimen,sediment [ENVO:00002007],2023-10-10 00:00:00,UMF_So_231010,Annie Marie Cox,NA,no_tide,meio,NA,2,32,NA,13,Van Veen Grab,SoSOP3,NA,2023-10-10 00:00:00,NA,-20,Annie Marie Cox,NA,NA,NA,N,NA,2025-01-31 00:00:00,2025-02-13 00:00:00,-20,NA,NA,NA,T,not sequenced due to low budget; temporal storage in HCMR,NA,EMOBON_UMF_So_63
EMOBON_UMF_So_231010_meio_3,EMOBON mimarks-specimen sediment sample from station UMF collected on 2023-06-19 community collected micro,33208,metazoa,mimarks-specimen,sediment [ENVO:00002007],2023-10-10 00:00:00,UMF_So_231010,Annie Marie Cox,NA,no_tide,meio,NA,3,32,NA,13,Van Veen Grab,SoSOP3,NA,2023-10-10 00:00:00,"UMF, A13B passage, -80 freezer",-20,Annie Marie Cox,NA,NA,NA,Y,NA,NA,NA,NA,NA,NA,NA,NA,NA,NA,EMOBON_UMF_So_64
EMOBON_UMF_So_231010_meio_4,EMOBON mimarks-specimen sediment sample from station UMF collected on 2023-06-19 community collected micro,33208,metazoa,mimarks-specimen,sediment [ENVO:00002007],2023-10-10 00:00:00,UMF_So_231010,Annie Marie Cox,NA,no_tide,meio,NA,4,32,NA,13,Van Veen Grab,SoSOP3,NA,2023-10-10 00:00:00,"UMF, A13B passage, -80 freezer",-20,Annie Marie Cox,NA,NA,NA,Y,NA,NA,NA,NA,NA,NA,NA,NA,NA,NA,EMOBON_UMF_So_65
EMOBON_UMF_So_231010_meio_blank,EMOBON mimarks-specimen sediment sample from station UMF collected on 2023-06-19 community collected micro,256318,metagenome,mimarks-specimen,sediment [ENVO:00002007],2023-10-10 00:00:00,UMF_So_231010,Annie Marie Cox,NA,no_tide,meio,NA,blank_1,32,NA,13,Van Veen Grab,SoSOP3,NA,2023-10-10 00:00:00,"UMF, A13B passage, -80 freezer",-20,Annie Marie Cox,NA,NA,NA,Y,NA,NA,NA,NA,NA,NA,NA,NA,NA,NA,EMOBON_UMF_So_66
EMOBON_UMF_So_231010_micro_1,EMOBON metagenome sediment sample from station UMF collected on 2023-06-19 community collected micro,412755,marine sediment metagenome,metagenome,sediment [ENVO:00002007],2023-10-10 00:00:00,UMF_So_231010,Annie Marie Cox,NA,no_tide,micro,NA,1,NA,NA,13,Van Veen Grab,SoSOP3,NA,2023-10-10 00:00:00,NA,-80,Annie Marie Cox,NA,NA,NA,N,NA,2025-01-31 00:00:00,2025-02-13 00:00:00,-20,2025-04-07 00:00:00,2025-04-15 00:00:00,batch_6,,,,EMOBON_UMF_So_67
EMOBON_UMF_So_231010_micro_2,EMOBON metagenome sediment sample from station UMF collected on 2023-06-19 community collected micro,412755,marine sediment metagenome,metagenome,sediment [ENVO:00002007],2023-10-10 00:00:00,UMF_So_231010,Annie Marie Cox,NA,no_tide,micro,NA,2,NA,NA,13,Van Veen Grab,SoSOP3,NA,2023-10-10 00:00:00,NA,-80,Annie Marie Cox,NA,NA,NA,N,NA,2025-01-31 00:00:00,2025-02-13 00:00:00,-20,NA,NA,NA,T,not sequenced due to low budget; temporal storage in HCMR,NA,EMOBON_UMF_So_68
EMOBON_UMF_So_231010_micro_3,EMOBON metagenome sediment sample from station UMF collected on 2023-06-19 community collected micro,412755,marine sediment metagenome,metagenome,sediment [ENVO:00002007],2023-10-10 00:00:00,UMF_So_231010,Annie Marie Cox,NA,no_tide,micro,NA,3,NA,NA,13,Van Veen Grab,SoSOP3,NA,2023-10-10 00:00:00,"UMF, A13B passage, -80 freezer, box 1",-80,Annie Marie Cox,NA,NA,NA,Y,NA,NA,NA,NA,NA,NA,NA,NA,NA,NA,EMOBON_UMF_So_69
EMOBON_UMF_So_231010_micro_4,EMOBON metagenome sediment sample from station UMF collected on 2023-06-19 community collected micro,412755,marine sediment metagenome,metagenome,sediment [ENVO:00002007],2023-10-10 00:00:00,UMF_So_231010,Annie Marie Cox,NA,no_tide,micro,NA,4,NA,NA,13,Van Veen Grab,SoSOP3,NA,2023-10-10 00:00:00,"UMF, A13B passage, -80 freezer, box 1",-80,Annie Marie Cox,NA,NA,NA,Y,NA,NA,NA,NA,NA,NA,NA,NA,NA,NA,EMOBON_UMF_So_70
EMOBON_UMF_So_231010_micro_blank,EMOBON metagenome sediment sample from station UMF collected on 2023-06-19 community collected micro,256318,metagenome,metagenome,sediment [ENVO:00002007],2023-10-10 00:00:00,UMF_So_231010,Annie Marie Cox,NA,no_tide,micro,NA,blank_1,NA,NA,13,Van Veen Grab,SoSOP3,NA,2023-10-10 00:00:00,"UMF, A13B passage, -80 freezer, box 1",-80,Annie Marie Cox,NA,NA,NA,Y,NA,NA,NA,NA,NA,NA,NA,NA,NA,NA,EMOBON_UMF_So_71
EMOBON_UMF_So_231010_macro_1,EMOBON mimarks-specimen sediment sample from station UMF collected on 2023-06-19 community collected micro,33208,metazoa,mimarks-specimen,sediment [ENVO:00002007],2023-10-10 00:00:00,UMF_So_231010,Annie Marie Cox,NA,no_tide,macro,NA,1,1000,NA,13,Van Veen Grab,SoSOP3,NA,2023-10-10 00:00:00,NA,-80,Annie Marie Cox,NA,NA,NA,N,NA,2025-01-31 00:00:00,2025-02-13 00:00:00,-20,2025-04-07 00:00:00,2025-04-15 00:00:00,batch_6,,,,EMOBON_UMF_So_72
EMOBON_UMF_So_231010_macro_2,EMOBON mimarks-specimen sediment sample from station UMF collected on 2023-06-19 community collected micro,33208,metazoa,mimarks-specimen,sediment [ENVO:00002007],2023-10-10 00:00:00,UMF_So_231010,Annie Marie Cox,NA,no_tide,macro,NA,2,1000,NA,13,Van Veen Grab,SoSOP3,NA,2023-10-10 00:00:00,NA,-80,Annie Marie Cox,NA,NA,NA,N,NA,2025-01-31 00:00:00,2025-02-13 00:00:00,-20,NA,NA,NA,T,not sequenced due to low budget; temporal storage in HCMR,NA,EMOBON_UMF_So_73
EMOBON_UMF_So_231010_macro_3,EMOBON mimarks-specimen sediment sample from station UMF collected on 2023-06-19 community collected micro,33208,metazoa,mimarks-specimen,sediment [ENVO:00002007],2023-10-10 00:00:00,UMF_So_231010,Annie Marie Cox,NA,no_tide,macro,NA,3,1000,NA,13,Van Veen Grab,SoSOP3,NA,2023-10-10 00:00:00,"UMF, A23, +4 room",-80,Annie Marie Cox,NA,NA,NA,Y,NA,NA,NA,NA,NA,NA,NA,NA,NA,NA,EMOBON_UMF_So_74
EMOBON_UMF_So_231010_macro_4,EMOBON mimarks-specimen sediment sample from station UMF collected on 2023-06-19 community collected micro,33208,metazoa,mimarks-specimen,sediment [ENVO:00002007],2023-10-10 00:00:00,UMF_So_231010,Annie Marie Cox,NA,no_tide,macro,NA,4,1000,NA,13,Van Veen Grab,SoSOP3,NA,2023-10-10 00:00:00,"UMF, A23, +4 room",-80,Annie Marie Cox,NA,NA,NA,Y,NA,NA,NA,NA,NA,NA,NA,NA,NA,NA,EMOBON_UMF_So_75
EMOBON_UMF_So_231010_macro_blank,EMOBON mimarks-specimen sediment sample from station UMF collected on 2023-06-19 community collected micro,256318,metagenome,mimarks-specimen,sediment [ENVO:00002007],2023-10-10 00:00:00,UMF_So_231010,Annie Marie Cox,NA,no_tide,macro,NA,blank_1,1000,NA,13,Van Veen Grab,SoSOP3,NA,2023-10-10 00:00:00,"UMF, A23, +4 room",-80,Annie Marie Cox,NA,NA,NA,Y,NA,NA,NA,NA,NA,NA,NA,NA,NA,NA,EMOBON_UMF_So_76
EMOBON_UMF_So_231211_micro_1,EMOBON metagenome sediment sample from station UMF collected on 2023-06-19 community collected micro,412755,marine sediment metagenome,metagenome,sediment [ENVO:00002007],2023-12-11 00:00:00,UMF_So_231211,Nina Dagberg,NA,no_tide,micro,NA,1,NA,NA,13,Van Veen Grab,SoSOP3,NA,2023-12-11 00:00:00,NA,-80,Nina Dagberg,NA,NA,NA,N,NA,2025-01-31 00:00:00,2025-02-13 00:00:00,-20,2025-04-07 00:00:00,2025-04-15 00:00:00,batch_6,,,,EMOBON_UMF_So_77
EMOBON_UMF_So_231211_micro_2,EMOBON metagenome sediment sample from station UMF collected on 2023-06-19 community collected micro,412755,marine sediment metagenome,metagenome,sediment [ENVO:00002007],2023-12-11 00:00:00,UMF_So_231211,Nina Dagberg,NA,no_tide,micro,NA,2,NA,NA,13,Van Veen Grab,SoSOP3,NA,2023-12-11 00:00:00,NA,-80,Nina Dagberg,NA,NA,NA,N,NA,2025-01-31 00:00:00,2025-02-13 00:00:00,-20,NA,NA,NA,T,not sequenced due to low budget; temporal storage in HCMR,NA,EMOBON_UMF_So_78
EMOBON_UMF_So_231211_micro_3,EMOBON metagenome sediment sample from station UMF collected on 2023-06-19 community collected micro,412755,marine sediment metagenome,metagenome,sediment [ENVO:00002007],2023-12-11 00:00:00,UMF_So_231211,Nina Dagberg,NA,no_tide,micro,NA,3,NA,NA,13,Van Veen Grab,SoSOP3,NA,2023-12-11 00:00:00,"UMF, A13B passage, -80 freezer, box 1",-80,Nina Dagberg,NA,NA,NA,Y,NA,NA,NA,NA,NA,NA,NA,NA,NA,NA,EMOBON_UMF_So_79
EMOBON_UMF_So_231211_micro_4,EMOBON metagenome sediment sample from station UMF collected on 2023-06-19 community collected micro,412755,marine sediment metagenome,metagenome,sediment [ENVO:00002007],2023-12-11 00:00:00,UMF_So_231211,Nina Dagberg,NA,no_tide,micro,NA,4,NA,NA,13,Van Veen Grab,SoSOP3,NA,2023-12-11 00:00:00,"UMF, A13B passage, -80 freezer, box 1",-80,Nina Dagberg,NA,NA,NA,Y,NA,NA,NA,NA,NA,NA,NA,NA,NA,NA,EMOBON_UMF_So_80
EMOBON_UMF_So_231211_micro_blank,EMOBON metagenome sediment sample from station UMF collected on 2023-06-19 community collected micro,256318,metagenome,metagenome,sediment [ENVO:00002007],2023-12-11 00:00:00,UMF_So_231211,Nina Dagberg,NA,no_tide,micro,NA,blank_1,NA,NA,13,Van Veen Grab,SoSOP3,NA,2023-12-11 00:00:00,"UMF, A13B passage, -80 freezer, box 1",-80,Nina Dagberg,NA,NA,NA,Y,NA,NA,NA,NA,NA,NA,NA,NA,NA,NA,EMOBON_UMF_So_81
EMOBON_UMF_So_240214_micro_1,EMOBON metagenome sediment sample from station UMF collected on 2023-06-19 community collected micro,412755,marine sediment metagenome,metagenome,sediment [ENVO:00002007],2024-02-14 00:00:00,UMF_So_240214,Nina Dagberg,NA,no_tide,micro,ice surface layer [ENVO:01001543],1,NA,NA,13,Van Veen Grab,SoSOP3,NA,2024-02-14 00:00:00,NA,-80,Nina Dagberg,NA,NA,NA,N,NA,2025-01-31 00:00:00,2025-02-13 00:00:00,-20,2025-04-07 00:00:00,2025-04-15 00:00:00,batch_6,,,,EMOBON_UMF_So_82
EMOBON_UMF_So_240214_micro_2,EMOBON metagenome sediment sample from station UMF collected on 2023-06-19 community collected micro,412755,marine sediment metagenome,metagenome,sediment [ENVO:00002007],2024-02-14 00:00:00,UMF_So_240214,Nina Dagberg,NA,no_tide,micro,ice surace layer [ENVO:01001543],2,NA,NA,13,Van Veen Grab,SoSOP3,NA,2024-02-14 00:00:00,NA,-80,Nina Dagberg,NA,NA,NA,N,NA,2025-01-31 00:00:00,2025-02-13 00:00:00,-20,NA,NA,NA,T,not sequenced due to low budget; temporal storage in HCMR,NA,EMOBON_UMF_So_83
EMOBON_UMF_So_240214_micro_3,EMOBON metagenome sediment sample from station UMF collected on 2023-06-19 community collected micro,412755,marine sediment metagenome,metagenome,sediment [ENVO:00002007],2024-02-14 00:00:00,UMF_So_240214,Nina Dagberg,NA,no_tide,micro,ice surace layer [ENVO:01001543],3,NA,NA,13,Van Veen Grab,SoSOP3,NA,2024-02-14 00:00:00,"UMF, A13B passage, -80 freezer, box 1",-80,Nina Dagberg,NA,NA,NA,Y,NA,NA,NA,NA,NA,NA,NA,NA,NA,NA,EMOBON_UMF_So_84
EMOBON_UMF_So_240214_micro_4,EMOBON metagenome sediment sample from station UMF collected on 2023-06-19 community collected micro,412755,marine sediment metagenome,metagenome,sediment [ENVO:00002007],2024-02-14 00:00:00,UMF_So_240214,Nina Dagberg,NA,no_tide,micro,ice surace layer [ENVO:01001543],4,NA,NA,13,Van Veen Grab,SoSOP3,NA,2024-02-14 00:00:00,"UMF, A13B passage, -80 freezer, box 1",-80,Nina Dagberg,NA,NA,NA,Y,NA,NA,NA,NA,NA,NA,NA,NA,NA,NA,EMOBON_UMF_So_85
EMOBON_UMF_So_240214_micro_blank,EMOBON metagenome sediment sample from station UMF collected on 2023-06-19 community collected micro,256318,metagenome,metagenome,sediment [ENVO:00002007],2024-02-14 00:00:00,UMF_So_240214,Nina Dagberg,NA,no_tide,micro,NA,blank_1,NA,NA,13,Van Veen Grab,SoSOP3,NA,2024-02-14 00:00:00,"UMF, A13B passage, -80 freezer, box 1",-80,Nina Dagberg,NA,NA,NA,Y,NA,NA,NA,NA,NA,NA,NA,NA,NA,NA,EMOBON_UMF_So_86
EMOBON_UMF_So_240507_meio_1,EMOBON mimarks-specimen sediment sample from station UMF collected on 2023-06-19 community collected micro,33208,metazoa,mimarks-specimen,sediment [ENVO:00002007],2024-05-07 00:00:00,UMF_So_240507,Göran Bergqvist,NA,no_tide,meio,NA,1,32,NA,13,Van Veen Grab,SoSOP3,NA,2024-05-07 00:00:00,NA,-20,Göran Bergqvist,NA,NA,NA,N,NA,2025-01-31 00:00:00,2025-02-13 00:00:00,-20,2025-04-07 00:00:00,2025-04-15 00:00:00,batch_6,,,,EMOBON_UMF_So_87
EMOBON_UMF_So_240507_meio_2,EMOBON mimarks-specimen sediment sample from station UMF collected on 2023-06-19 community collected micro,33208,metazoa,mimarks-specimen,sediment [ENVO:00002007],2024-05-07 00:00:00,UMF_So_240507,Göran Bergqvist,NA,no_tide,meio,NA,2,32,NA,13,Van Veen Grab,SoSOP3,NA,2024-05-07 00:00:00,NA,-20,Göran Bergqvist,NA,NA,NA,N,NA,2025-01-31 00:00:00,2025-02-13 00:00:00,-20,NA,NA,NA,T,not sequenced due to low budget; temporal storage in HCMR,NA,EMOBON_UMF_So_88
EMOBON_UMF_So_240507_meio_3,EMOBON mimarks-specimen sediment sample from station UMF collected on 2023-06-19 community collected micro,33208,metazoa,mimarks-specimen,sediment [ENVO:00002007],2024-05-07 00:00:00,UMF_So_240507,Göran Bergqvist,NA,no_tide,meio,NA,3,32,NA,13,Van Veen Grab,SoSOP3,NA,2024-05-07 00:00:00,"UMF, A13B passage, -80 freezer",-20,Göran Bergqvist,NA,NA,NA,Y,NA,NA,NA,NA,NA,NA,NA,NA,NA,NA,EMOBON_UMF_So_89
EMOBON_UMF_So_240507_meio_4,EMOBON mimarks-specimen sediment sample from station UMF collected on 2023-06-19 community collected micro,33208,metazoa,mimarks-specimen,sediment [ENVO:00002007],2024-05-07 00:00:00,UMF_So_240507,Göran Bergqvist,NA,no_tide,meio,NA,4,32,NA,13,Van Veen Grab,SoSOP3,NA,2024-05-07 00:00:00,"UMF, A13B passage, -80 freezer",-20,Göran Bergqvist,NA,NA,NA,Y,NA,NA,NA,NA,NA,NA,NA,NA,NA,NA,EMOBON_UMF_So_90
EMOBON_UMF_So_240507_meio_blank,EMOBON mimarks-specimen sediment sample from station UMF collected on 2023-06-19 community collected micro,256318,metagenome,mimarks-specimen,sediment [ENVO:00002007],2024-05-07 00:00:00,UMF_So_240507,Göran Bergqvist,NA,no_tide,meio,NA,blank_1,32,NA,13,Van Veen Grab,SoSOP3,NA,2024-05-07 00:00:00,"UMF, A13B passage, -80 freezer",-20,Göran Bergqvist,NA,NA,NA,Y,NA,NA,NA,NA,NA,NA,NA,NA,NA,NA,EMOBON_UMF_So_91
EMOBON_UMF_So_240507_micro_1,EMOBON metagenome sediment sample from station UMF collected on 2023-06-19 community collected micro,412755,marine sediment metagenome,metagenome,sediment [ENVO:00002007],2024-05-07 00:00:00,UMF_So_240507,Göran Bergqvist,NA,no_tide,micro,NA,1,NA,NA,13,Van Veen Grab,SoSOP3,NA,2024-05-07 00:00:00,NA,-80,Göran Bergqvist,NA,NA,NA,N,NA,2025-01-31 00:00:00,2025-02-13 00:00:00,-20,2025-04-07 00:00:00,2025-04-15 00:00:00,batch_6,,,,EMOBON_UMF_So_92
EMOBON_UMF_So_240507_micro_2,EMOBON metagenome sediment sample from station UMF collected on 2023-06-19 community collected micro,412755,marine sediment metagenome,metagenome,sediment [ENVO:00002007],2024-05-07 00:00:00,UMF_So_240507,Göran Bergqvist,NA,no_tide,micro,NA,2,NA,NA,13,Van Veen Grab,SoSOP3,NA,2024-05-07 00:00:00,NA,-80,Göran Bergqvist,NA,NA,NA,N,NA,2025-01-31 00:00:00,2025-02-13 00:00:00,-20,NA,NA,NA,T,not sequenced due to low budget; temporal storage in HCMR,NA,EMOBON_UMF_So_93
EMOBON_UMF_So_240507_micro_3,EMOBON metagenome sediment sample from station UMF collected on 2023-06-19 community collected micro,412755,marine sediment metagenome,metagenome,sediment [ENVO:00002007],2024-05-07 00:00:00,UMF_So_240507,Göran Bergqvist,NA,no_tide,micro,NA,3,NA,NA,13,Van Veen Grab,SoSOP3,NA,2024-05-07 00:00:00,"UMF, A13B passage, -80 freezer, box 1",-80,Göran Bergqvist,NA,NA,NA,Y,NA,NA,NA,NA,NA,NA,NA,NA,NA,NA,EMOBON_UMF_So_94
EMOBON_UMF_So_240507_micro_4,EMOBON metagenome sediment sample from station UMF collected on 2023-06-19 community collected micro,412755,marine sediment metagenome,metagenome,sediment [ENVO:00002007],2024-05-07 00:00:00,UMF_So_240507,Göran Bergqvist,NA,no_tide,micro,NA,4,NA,NA,13,Van Veen Grab,SoSOP3,NA,2024-05-07 00:00:00,"UMF, A13B passage, -80 freezer, box 1",-80,Göran Bergqvist,NA,NA,NA,Y,NA,NA,NA,NA,NA,NA,NA,NA,NA,NA,EMOBON_UMF_So_95
EMOBON_UMF_So_240507_micro_blank,EMOBON metagenome sediment sample from station UMF collected on 2023-06-19 community collected micro,256318,metagenome,metagenome,sediment [ENVO:00002007],2024-05-07 00:00:00,UMF_So_240507,Göran Bergqvist,NA,no_tide,micro,NA,blank_1,NA,NA,13,Van Veen Grab,SoSOP3,NA,2024-05-07 00:00:00,"UMF, A13B passage, -80 freezer, box 1",-80,Göran Bergqvist,NA,NA,NA,N,NA,NA,NA,NA,NA,NA,NA,NA,NA,NA,EMOBON_UMF_So_96
EMOBON_UMF_So_240507_macro_1,EMOBON mimarks-specimen sediment sample from station UMF collected on 2023-06-19 community collected micro,33208,metazoa,mimarks-specimen,sediment [ENVO:00002007],2024-05-07 00:00:00,UMF_So_240507,Göran Bergqvist,NA,no_tide,macro,NA,1,1000,NA,13,Van Veen Grab,SoSOP3,NA,2024-05-07 00:00:00,NA,4,Göran Bergqvist,NA,NA,NA,N,NA,2025-01-31 00:00:00,2025-02-13 00:00:00,-20,2025-04-07 00:00:00,2025-04-15 00:00:00,batch_6,,,,EMOBON_UMF_So_97
EMOBON_UMF_So_240507_macro_2,EMOBON mimarks-specimen sediment sample from station UMF collected on 2023-06-19 community collected micro,33208,metazoa,mimarks-specimen,sediment [ENVO:00002007],2024-05-07 00:00:00,UMF_So_240507,Göran Bergqvist,NA,no_tide,macro,NA,2,1000,NA,13,Van Veen Grab,SoSOP3,NA,2024-05-07 00:00:00,NA,4,Göran Bergqvist,NA,NA,NA,N,NA,2025-01-31 00:00:00,2025-02-13 00:00:00,-20,NA,NA,NA,T,not sequenced due to low budget; temporal storage in HCMR,NA,EMOBON_UMF_So_98
EMOBON_UMF_So_240507_macro_3,EMOBON mimarks-specimen sediment sample from station UMF collected on 2023-06-19 community collected micro,33208,metazoa,mimarks-specimen,sediment [ENVO:00002007],2024-05-07 00:00:00,UMF_So_240507,Göran Bergqvist,NA,no_tide,macro,NA,3,1000,NA,13,Van Veen Grab,SoSOP3,NA,2024-05-07 00:00:00,"UMF, A23, +4 room",4,Göran Bergqvist,NA,NA,NA,Y,NA,NA,NA,NA,NA,NA,NA,NA,NA,NA,EMOBON_UMF_So_99
EMOBON_UMF_So_240507_macro_4,EMOBON mimarks-specimen sediment sample from station UMF collected on 2023-06-19 community collected micro,33208,metazoa,mimarks-specimen,sediment [ENVO:00002007],2024-05-07 00:00:00,UMF_So_240507,Göran Bergqvist,NA,no_tide,macro,NA,4,1000,NA,13,Van Veen Grab,SoSOP3,NA,2024-05-07 00:00:00,"UMF, A23, +4 room",4,Göran Bergqvist,NA,NA,NA,Y,NA,NA,NA,NA,NA,NA,NA,NA,NA,NA,EMOBON_UMF_So_100
EMOBON_UMF_So_240507_macro_blank,EMOBON mimarks-specimen sediment sample from station UMF collected on 2023-06-19 community collected micro,256318,metagenome,mimarks-specimen,sediment [ENVO:00002007],2024-05-07 00:00:00,UMF_So_240507,Göran Bergqvist,NA,no_tide,macro,NA,blank_1,1000,NA,13,Van Veen Grab,SoSOP3,NA,2024-05-07 00:00:00,"UMF, A23, +4 room",4,Göran Bergqvist,NA,NA,NA,Y,NA,NA,NA,NA,NA,NA,NA,NA,NA,NA,EMOBON_UMF_So_101
EMOBON_UMF_So_240618_meio_1,EMOBON mimarks-specimen sediment sample from station UMF collected on 2023-06-19 community collected micro,33208,metazoa,mimarks-specimen,sediment [ENVO:00002007],2024-06-18 00:00:00,UMF_So_240618,Göran Bergqvist,NA,no_tide,meio,NA,1,32,NA,13,Van Veen Grab,SoSOP3,NA,2024-06-18 00:00:00,NA,-20,Göran Bergqvist,NA,NA,NA,N,NA,2025-01-31 00:00:00,2025-02-13 00:00:00,-20,2025-04-07 00:00:00,2025-04-15 00:00:00,batch_6,,,,EMOBON_UMF_So_102
EMOBON_UMF_So_240618_meio_2,EMOBON mimarks-specimen sediment sample from station UMF collected on 2023-06-19 community collected micro,33208,metazoa,mimarks-specimen,sediment [ENVO:00002007],2024-06-18 00:00:00,UMF_So_240618,Göran Bergqvist,NA,no_tide,meio,NA,2,32,NA,13,Van Veen Grab,SoSOP3,NA,2024-06-18 00:00:00,NA,-20,Göran Bergqvist,NA,NA,NA,N,NA,2025-01-31 00:00:00,2025-02-13 00:00:00,-20,NA,NA,NA,T,not sequenced due to low budget; temporal storage in HCMR,NA,EMOBON_UMF_So_103
EMOBON_UMF_So_240618_meio_3,EMOBON mimarks-specimen sediment sample from station UMF collected on 2023-06-19 community collected micro,33208,metazoa,mimarks-specimen,sediment [ENVO:00002007],2024-06-18 00:00:00,UMF_So_240618,Göran Bergqvist,NA,no_tide,meio,NA,3,32,NA,13,Van Veen Grab,SoSOP3,NA,2024-06-18 00:00:00,"UMF, A13B passage, -80 freezer",-20,Göran Bergqvist,NA,NA,NA,Y,NA,NA,NA,NA,NA,NA,NA,NA,NA,NA,EMOBON_UMF_So_104
EMOBON_UMF_So_240618_meio_4,EMOBON mimarks-specimen sediment sample from station UMF collected on 2023-06-19 community collected micro,33208,metazoa,mimarks-specimen,sediment [ENVO:00002007],2024-06-18 00:00:00,UMF_So_240618,Göran Bergqvist,NA,no_tide,meio,NA,4,32,NA,13,Van Veen Grab,SoSOP3,NA,2024-06-18 00:00:00,"UMF, A13B passage, -80 freezer",-20,Göran Bergqvist,NA,NA,NA,Y,NA,NA,NA,NA,NA,NA,NA,NA,NA,NA,EMOBON_UMF_So_105
EMOBON_UMF_So_240618_meio_blank,EMOBON mimarks-specimen sediment sample from station UMF collected on 2023-06-19 community collected micro,256318,metagenome,mimarks-specimen,sediment [ENVO:00002007],2024-06-18 00:00:00,UMF_So_240618,Göran Bergqvist,NA,no_tide,meio,NA,blank_1,32,NA,13,Van Veen Grab,SoSOP3,NA,2024-06-18 00:00:00,"UMF, A13B passage, -80 freezer",-20,Göran Bergqvist,NA,NA,NA,Y,NA,NA,NA,NA,NA,NA,NA,NA,NA,NA,EMOBON_UMF_So_106
EMOBON_UMF_So_240618_micro_1,EMOBON metagenome sediment sample from station UMF collected on 2023-06-19 community collected micro,412755,marine sediment metagenome,metagenome,sediment [ENVO:00002007],2024-06-18 00:00:00,UMF_So_240618,Göran Bergqvist,NA,no_tide,micro,NA,1,NA,NA,13,Van Veen Grab,SoSOP3,NA,2024-06-18 00:00:00,NA,-80,Göran Bergqvist,NA,NA,NA,N,NA,2025-01-31 00:00:00,2025-02-13 00:00:00,-20,2025-04-07 00:00:00,2025-04-15 00:00:00,batch_6,,,,EMOBON_UMF_So_107
EMOBON_UMF_So_240618_micro_2,EMOBON metagenome sediment sample from station UMF collected on 2023-06-19 community collected micro,412755,marine sediment metagenome,metagenome,sediment [ENVO:00002007],2024-06-18 00:00:00,UMF_So_240618,Göran Bergqvist,NA,no_tide,micro,NA,2,NA,NA,13,Van Veen Grab,SoSOP3,NA,2024-06-18 00:00:00,NA,-80,Göran Bergqvist,NA,NA,NA,N,NA,2025-01-31 00:00:00,2025-02-13 00:00:00,-20,NA,NA,NA,T,not sequenced due to low budget; temporal storage in HCMR,NA,EMOBON_UMF_So_108
EMOBON_UMF_So_240618_micro_3,EMOBON metagenome sediment sample from station UMF collected on 2023-06-19 community collected micro,412755,marine sediment metagenome,metagenome,sediment [ENVO:00002007],2024-06-18 00:00:00,UMF_So_240618,Göran Bergqvist,NA,no_tide,micro,NA,3,NA,NA,13,Van Veen Grab,SoSOP3,NA,2024-06-18 00:00:00,"UMF, A13B passage, -80 freezer, box 1",-80,Göran Bergqvist,NA,NA,NA,Y,NA,NA,NA,NA,NA,NA,NA,NA,NA,NA,EMOBON_UMF_So_109
EMOBON_UMF_So_240618_micro_4,EMOBON metagenome sediment sample from station UMF collected on 2023-06-19 community collected micro,412755,marine sediment metagenome,metagenome,sediment [ENVO:00002007],2024-06-18 00:00:00,UMF_So_240618,Göran Bergqvist,NA,no_tide,micro,NA,4,NA,NA,13,Van Veen Grab,SoSOP3,NA,2024-06-18 00:00:00,"UMF, A13B passage, -80 freezer, box 1",-80,Göran Bergqvist,NA,NA,NA,Y,NA,NA,NA,NA,NA,NA,NA,NA,NA,NA,EMOBON_UMF_So_110
EMOBON_UMF_So_240618_micro_blank,EMOBON metagenome sediment sample from station UMF collected on 2023-06-19 community collected micro,256318,metagenome,metagenome,sediment [ENVO:00002007],2024-06-18 00:00:00,UMF_So_240618,Göran Bergqvist,NA,no_tide,micro,NA,blank_1,NA,NA,13,Van Veen Grab,SoSOP3,NA,2024-06-18 00:00:00,"UMF, A13B passage, -80 freezer, box 1",-80,Göran Bergqvist,NA,NA,NA,Y,NA,NA,NA,NA,NA,NA,NA,NA,NA,NA,EMOBON_UMF_So_111
EMOBON_UMF_So_240828_micro_1,EMOBON metagenome sediment sample from station UMF collected on 2023-06-19 community collected micro,412755,marine sediment metagenome,metagenome,sediment [ENVO:00002007],2024-08-28 00:00:00,UMF_So_240828,Göran Bergqvist,NA,no_tide,micro,NA,1,NA,NA,13,Van Veen Grab,SoSOP3,NA,2024-08-28 00:00:00,NA,-80,Göran Bergqvist,NA,NA,NA,N,NA,2025-01-31 00:00:00,2025-02-13 00:00:00,-20,2025-04-07 00:00:00,2025-04-15 00:00:00,batch_6,,,,EMOBON_UMF_So_112
EMOBON_UMF_So_240828_micro_2,EMOBON metagenome sediment sample from station UMF collected on 2023-06-19 community collected micro,412755,marine sediment metagenome,metagenome,sediment [ENVO:00002007],2024-08-28 00:00:00,UMF_So_240828,Göran Bergqvist,NA,no_tide,micro,NA,2,NA,NA,13,Van Veen Grab,SoSOP3,NA,2024-08-28 00:00:00,NA,-80,Göran Bergqvist,NA,NA,NA,N,NA,2025-01-31 00:00:00,2025-02-13 00:00:00,-20,NA,NA,NA,T,not sequenced due to low budget; temporal storage in HCMR,NA,EMOBON_UMF_So_113
EMOBON_UMF_So_240828_micro_3,EMOBON metagenome sediment sample from station UMF collected on 2023-06-19 community collected micro,412755,marine sediment metagenome,metagenome,sediment [ENVO:00002007],2024-08-28 00:00:00,UMF_So_240828,Göran Bergqvist,NA,no_tide,micro,NA,3,NA,NA,13,Van Veen Grab,SoSOP3,NA,2024-08-28 00:00:00,"UMF, A13B passage, -80 freezer, box 1",-80,Göran Bergqvist,NA,NA,NA,Y,NA,NA,NA,NA,NA,NA,NA,NA,NA,NA,EMOBON_UMF_So_114
EMOBON_UMF_So_240828_micro_4,EMOBON metagenome sediment sample from station UMF collected on 2023-06-19 community collected micro,412755,marine sediment metagenome,metagenome,sediment [ENVO:00002007],2024-08-28 00:00:00,UMF_So_240828,Göran Bergqvist,NA,no_tide,micro,NA,4,NA,NA,13,Van Veen Grab,SoSOP3,NA,2024-08-28 00:00:00,"UMF, A13B passage, -80 freezer, box 1",-80,Göran Bergqvist,NA,NA,NA,Y,NA,NA,NA,NA,NA,NA,NA,NA,NA,NA,EMOBON_UMF_So_115
EMOBON_UMF_So_240828_micro_blank,EMOBON metagenome sediment sample from station UMF collected on 2023-06-19 community collected micro,256318,metagenome,metagenome,sediment [ENVO:00002007],2024-08-28 00:00:00,UMF_So_240828,Göran Bergqvist,NA,no_tide,micro,NA,blank_1,NA,NA,13,Van Veen Grab,SoSOP3,NA,2024-08-28 00:00:00,"UMF, A13B passage, -80 freezer, box 1",-80,Göran Bergqvist,NA,NA,NA,Y,NA,NA,NA,NA,NA,NA,NA,NA,NA,NA,EMOBON_UMF_So_116
EMOBON_UMF_So_241010_meio_1,EMOBON mimarks-specimen sediment sample from station UMF collected on 2023-06-19 community collected micro,33208,metazoa,mimarks-specimen,sediment [ENVO:00002007],2024-10-10 00:00:00,UMF_So_241010,Göran Bergqvist,NA,no_tide,meio,NA,1,32,NA,13,Van Veen Grab,SoSOP3,NA,2024-10-10 00:00:00,NA,-20,Göran Bergqvist,NA,NA,NA,N,NA,2025-01-31 00:00:00,2025-02-13 00:00:00,-20,2025-04-07 00:00:00,2025-04-15 00:00:00,batch_6,,,,EMOBON_UMF_So_117
EMOBON_UMF_So_241010_meio_2,EMOBON mimarks-specimen sediment sample from station UMF collected on 2023-06-19 community collected micro,33208,metazoa,mimarks-specimen,sediment [ENVO:00002007],2024-10-10 00:00:00,UMF_So_241010,Göran Bergqvist,NA,no_tide,meio,NA,2,32,NA,13,Van Veen Grab,SoSOP3,NA,2024-10-10 00:00:00,NA,-20,Göran Bergqvist,NA,NA,NA,N,NA,2025-01-31 00:00:00,2025-02-13 00:00:00,-20,NA,NA,NA,T,not sequenced due to low budget; temporal storage in HCMR,NA,EMOBON_UMF_So_118
EMOBON_UMF_So_241010_meio_3,EMOBON mimarks-specimen sediment sample from station UMF collected on 2023-06-19 community collected micro,33208,metazoa,mimarks-specimen,sediment [ENVO:00002007],2024-10-10 00:00:00,UMF_So_241010,Göran Bergqvist,NA,no_tide,meio,NA,3,32,NA,13,Van Veen Grab,SoSOP3,NA,2024-10-10 00:00:00,"UMF, A13B passage, -80 freezer",-20,Göran Bergqvist,NA,NA,NA,Y,NA,NA,NA,NA,NA,NA,NA,NA,NA,NA,EMOBON_UMF_So_119
EMOBON_UMF_So_241010_meio_4,EMOBON mimarks-specimen sediment sample from station UMF collected on 2023-06-19 community collected micro,33208,metazoa,mimarks-specimen,sediment [ENVO:00002007],2024-10-10 00:00:00,UMF_So_241010,Göran Bergqvist,NA,no_tide,meio,NA,4,32,NA,13,Van Veen Grab,SoSOP3,NA,2024-10-10 00:00:00,"UMF, A13B passage, -80 freezer",-20,Göran Bergqvist,NA,NA,NA,Y,NA,NA,NA,NA,NA,NA,NA,NA,NA,NA,EMOBON_UMF_So_120
EMOBON_UMF_So_241010_meio_blank,EMOBON mimarks-specimen sediment sample from station UMF collected on 2023-06-19 community collected micro,256318,metagenome,mimarks-specimen,sediment [ENVO:00002007],2024-10-10 00:00:00,UMF_So_241010,Göran Bergqvist,NA,no_tide,meio,NA,blank_1,32,NA,13,Van Veen Grab,SoSOP3,NA,2024-10-10 00:00:00,"UMF, A13B passage, -80 freezer",-20,Göran Bergqvist,NA,NA,NA,Y,NA,NA,NA,NA,NA,NA,NA,NA,NA,NA,EMOBON_UMF_So_121
EMOBON_UMF_So_241010_micro_1,EMOBON metagenome sediment sample from station UMF collected on 2023-06-19 community collected micro,412755,marine sediment metagenome,metagenome,sediment [ENVO:00002007],2024-10-10 00:00:00,UMF_So_241010,Göran Bergqvist,NA,no_tide,micro,NA,1,NA,NA,13,Van Veen Grab,SoSOP3,NA,2024-10-10 00:00:00,NA,-80,Göran Bergqvist,NA,NA,NA,N,NA,2025-01-31 00:00:00,2025-02-13 00:00:00,-20,2025-04-07 00:00:00,2025-04-15 00:00:00,batch_6,,,,EMOBON_UMF_So_122
EMOBON_UMF_So_241010_micro_2,EMOBON metagenome sediment sample from station UMF collected on 2023-06-19 community collected micro,412755,marine sediment metagenome,metagenome,sediment [ENVO:00002007],2024-10-10 00:00:00,UMF_So_241010,Göran Bergqvist,NA,no_tide,micro,NA,2,NA,NA,13,Van Veen Grab,SoSOP3,NA,2024-10-10 00:00:00,NA,-80,Göran Bergqvist,NA,NA,NA,N,NA,2025-01-31 00:00:00,2025-02-13 00:00:00,-20,NA,NA,NA,T,not sequenced due to low budget; temporal storage in HCMR,NA,EMOBON_UMF_So_123
EMOBON_UMF_So_241010_micro_3,EMOBON metagenome sediment sample from station UMF collected on 2023-06-19 community collected micro,412755,marine sediment metagenome,metagenome,sediment [ENVO:00002007],2024-10-10 00:00:00,UMF_So_241010,Göran Bergqvist,NA,no_tide,micro,NA,3,NA,NA,13,Van Veen Grab,SoSOP3,NA,2024-10-10 00:00:00,"UMF, A13B passage, -80 freezer, box 2",-80,Göran Bergqvist,NA,NA,NA,Y,NA,NA,NA,NA,NA,NA,NA,NA,NA,NA,EMOBON_UMF_So_124
EMOBON_UMF_So_241010_micro_4,EMOBON metagenome sediment sample from station UMF collected on 2023-06-19 community collected micro,412755,marine sediment metagenome,metagenome,sediment [ENVO:00002007],2024-10-10 00:00:00,UMF_So_241010,Göran Bergqvist,NA,no_tide,micro,NA,4,NA,NA,13,Van Veen Grab,SoSOP3,NA,2024-10-10 00:00:00,"UMF, A13B passage, -80 freezer, box 2",-80,Göran Bergqvist,NA,NA,NA,Y,NA,NA,NA,NA,NA,NA,NA,NA,NA,NA,EMOBON_UMF_So_125
EMOBON_UMF_So_241010_micro_blank,EMOBON metagenome sediment sample from station UMF collected on 2023-06-19 community collected micro,256318,metagenome,metagenome,sediment [ENVO:00002007],2024-10-10 00:00:00,UMF_So_241010,Göran Bergqvist,NA,no_tide,micro,NA,blank_1,NA,NA,13,Van Veen Grab,SoSOP3,NA,2024-10-10 00:00:00,"UMF, A13B passage, -80 freezer, box 2",-80,Göran Bergqvist,NA,NA,NA,Y,NA,NA,NA,NA,NA,NA,NA,NA,NA,NA,EMOBON_UMF_So_126
EMOBON_UMF_So_241010_macro_1,EMOBON mimarks-specimen sediment sample from station UMF collected on 2023-06-19 community collected micro,33208,metazoa,mimarks-specimen,sediment [ENVO:00002007],2024-10-10 00:00:00,UMF_So_241010,Göran Bergqvist,NA,no_tide,macro,NA,1,1000,NA,13,Van Veen Grab,SoSOP3,NA,2024-10-10 00:00:00,NA,4,Göran Bergqvist,NA,NA,NA,N,NA,2025-01-31 00:00:00,2025-02-13 00:00:00,-20,2025-04-07 00:00:00,2025-04-15 00:00:00,batch_6,,,,EMOBON_UMF_So_127
EMOBON_UMF_So_241010_macro_2,EMOBON mimarks-specimen sediment sample from station UMF collected on 2023-06-19 community collected micro,33208,metazoa,mimarks-specimen,sediment [ENVO:00002007],2024-10-10 00:00:00,UMF_So_241010,Göran Bergqvist,NA,no_tide,macro,NA,2,1000,NA,13,Van Veen Grab,SoSOP3,NA,2024-10-10 00:00:00,NA,4,Göran Bergqvist,NA,NA,NA,N,NA,2025-01-31 00:00:00,2025-02-13 00:00:00,-20,NA,NA,NA,T,not sequenced due to low budget; temporal storage in HCMR,NA,EMOBON_UMF_So_128
EMOBON_UMF_So_241010_macro_3,EMOBON mimarks-specimen sediment sample from station UMF collected on 2023-06-19 community collected micro,33208,metazoa,mimarks-specimen,sediment [ENVO:00002007],2024-10-10 00:00:00,UMF_So_241010,Göran Bergqvist,NA,no_tide,macro,NA,3,1000,NA,13,Van Veen Grab,SoSOP3,NA,2024-10-10 00:00:00,"UMF, A23, +4 room",4,Göran Bergqvist,NA,NA,NA,Y,NA,NA,NA,NA,NA,NA,NA,NA,NA,NA,EMOBON_UMF_So_129
EMOBON_UMF_So_241010_macro_4,EMOBON mimarks-specimen sediment sample from station UMF collected on 2023-06-19 community collected micro,33208,metazoa,mimarks-specimen,sediment [ENVO:00002007],2024-10-10 00:00:00,UMF_So_241010,Göran Bergqvist,NA,no_tide,macro,NA,4,1000,NA,13,Van Veen Grab,SoSOP3,NA,2024-10-10 00:00:00,"UMF, A23, +4 room",4,Göran Bergqvist,NA,NA,NA,Y,NA,NA,NA,NA,NA,NA,NA,NA,NA,NA,EMOBON_UMF_So_130
EMOBON_UMF_So_241010_macro_blank,EMOBON mimarks-specimen sediment sample from station UMF collected on 2023-06-19 community collected micro,256318,metagenome,mimarks-specimen,sediment [ENVO:00002007],2024-10-10 00:00:00,UMF_So_241010,Göran Bergqvist,NA,no_tide,macro,NA,blank_1,1000,NA,13,Van Veen Grab,SoSOP3,NA,2024-10-10 00:00:00,"UMF, A23, +4 room",4,Göran Bergqvist,NA,NA,NA,Y,NA,NA,NA,NA,NA,NA,NA,NA,NA,NA,EMOBON_UMF_So_131
EMOBON_UMF_So_241211_micro_1,EMOBON metagenome sediment sample from station UMF collected on 2023-06-19 community collected micro,412755,marine sediment metagenome,metagenome,sediment [ENVO:00002007],2024-12-11 00:00:00,UMF_So_241211,Göran Bergqvist,NA,no_tide,micro,NA,1,NA,NA,13,Van Veen Grab,SoSOP3,NA,2024-12-11 00:00:00,NA,-80,Göran Bergqvist,NA,NA,NA,N,NA,2025-01-31 00:00:00,2025-02-13 00:00:00,-20,2025-04-07 00:00:00,2025-04-15 00:00:00,batch_6,,,,EMOBON_UMF_So_132
EMOBON_UMF_So_241211_micro_2,EMOBON metagenome sediment sample from station UMF collected on 2023-06-19 community collected micro,412755,marine sediment metagenome,metagenome,sediment [ENVO:00002007],2024-12-11 00:00:00,UMF_So_241211,Göran Bergqvist,NA,no_tide,micro,NA,2,NA,NA,13,Van Veen Grab,SoSOP3,NA,2024-12-11 00:00:00,NA,-80,Göran Bergqvist,NA,NA,NA,N,NA,2025-01-31 00:00:00,2025-02-13 00:00:00,-20,NA,NA,NA,T,not sequenced due to low budget; temporal storage in HCMR,NA,EMOBON_UMF_So_133
EMOBON_UMF_So_241211_micro_3,EMOBON metagenome sediment sample from station UMF collected on 2023-06-19 community collected micro,412755,marine sediment metagenome,metagenome,sediment [ENVO:00002007],2024-12-11 00:00:00,UMF_So_241211,Göran Bergqvist,NA,no_tide,micro,NA,3,NA,NA,13,Van Veen Grab,SoSOP3,NA,2024-12-11 00:00:00,"UMF, A13B passage, -80 freezer, box 2",-80,Göran Bergqvist,NA,NA,NA,Y,NA,NA,NA,NA,NA,NA,NA,NA,NA,NA,EMOBON_UMF_So_134
EMOBON_UMF_So_241211_micro_4,EMOBON metagenome sediment sample from station UMF collected on 2023-06-19 community collected micro,412755,marine sediment metagenome,metagenome,sediment [ENVO:00002007],2024-12-11 00:00:00,UMF_So_241211,Göran Bergqvist,NA,no_tide,micro,NA,4,NA,NA,13,Van Veen Grab,SoSOP3,NA,2024-12-11 00:00:00,"UMF, A13B passage, -80 freezer, box 2",-80,Göran Bergqvist,NA,NA,NA,Y,NA,NA,NA,NA,NA,NA,NA,NA,NA,NA,EMOBON_UMF_So_135
EMOBON_UMF_So_241211_micro_blank,EMOBON metagenome sediment sample from station UMF collected on 2023-06-19 community collected micro,256318,metagenome,metagenome,sediment [ENVO:00002007],2024-12-11 00:00:00,UMF_So_241211,Göran Bergqvist,NA,no_tide,micro,NA,blank_1,NA,NA,13,Van Veen Grab,SoSOP3,NA,2024-12-11 00:00:00,"UMF, A13B passage, -80 freezer, box 2",-80,Göran Bergqvist,NA,NA,NA,Y,NA,NA,NA,NA,NA,NA,NA,NA,NA,NA,EMOBON_UMF_So_136
EMOBON_UMF_So_250226_micro_1,EMOBON metagenome sediment sample from station UMF collected on 2023-06-19 community collected micro,412755,marine sediment metagenome,metagenome,sediment [ENVO:00002007],2025-02-26 00:00:00,UMF_So_250226,Göran Bergqvist,NA,no_tide,micro,ice surface layer [ENVO_01001542],1,NA,NA,13,Ekman,SoSOP3,NA,2025-02-26 00:00:00,NA,-80,Göran Bergqvist,NA,NA,NA,N,NA,2025-10-01 00:00:00,2025-10-17 00:00:00,-20,2025-11-24 00:00:00,2025-11-26 00:00:00,batch_7,,,,EMOBON_UMF_So_137
EMOBON_UMF_So_250226_micro_2,EMOBON metagenome sediment sample from station UMF collected on 2023-06-19 community collected micro,412755,marine sediment metagenome,metagenome,sediment [ENVO:00002007],2025-02-26 00:00:00,UMF_So_250226,Göran Bergqvist,NA,no_tide,micro,ice surface layer [ENVO_01001542],2,NA,NA,13,Ekman,SoSOP3,NA,2025-02-26 00:00:00,"UMF, A13B passage, -80 freezer, box 2",-80,Göran Bergqvist,NA,NA,NA,N,NA,NA,NA,NA,NA,NA,NA,NA,NA,NA,EMOBON_UMF_So_138
EMOBON_UMF_So_250226_micro_3,EMOBON metagenome sediment sample from station UMF collected on 2023-06-19 community collected micro,412755,marine sediment metagenome,metagenome,sediment [ENVO:00002007],2025-02-26 00:00:00,UMF_So_250226,Göran Bergqvist,NA,no_tide,micro,ice surface layer [ENVO_01001542],3,NA,NA,13,Ekman,SoSOP3,NA,2025-02-26 00:00:00,"UMF, A13B passage, -80 freezer, box 2",-80,Göran Bergqvist,NA,NA,NA,Y,NA,NA,NA,NA,NA,NA,NA,NA,NA,NA,EMOBON_UMF_So_139
EMOBON_UMF_So_250226_micro_4,EMOBON metagenome sediment sample from station UMF collected on 2023-06-19 community collected micro,412755,marine sediment metagenome,metagenome,sediment [ENVO:00002007],2025-02-26 00:00:00,UMF_So_250226,Göran Bergqvist,NA,no_tide,micro,ice surface layer [ENVO_01001542],4,NA,NA,13,Ekman,SoSOP3,NA,2025-02-26 00:00:00,"UMF, A13B passage, -80 freezer, box 2",-80,Göran Bergqvist,NA,NA,NA,Y,NA,NA,NA,NA,NA,NA,NA,NA,NA,NA,EMOBON_UMF_So_140
EMOBON_UMF_So_250226_micro_blank,EMOBON metagenome sediment sample from station UMF collected on 2023-06-19 community collected micro,256318,metagenome,metagenome,NA,2025-02-26 00:00:00,UMF_So_250226,Göran Bergqvist,NA,NA,NA,NA,blank_1,NA,NA,NA,NA,SoSOP3,NA,2025-02-26 00:00:00,"UMF, A13B passage, -80 freezer, box 2",-80,Göran Bergqvist,NA,NA,NA,Y,NA,NA,NA,NA,NA,NA,NA,NA,NA,NA,EMOBON_UMF_So_141
EMOBON_UMF_So_250402_meio_1,EMOBON mimarks-specimen sediment sample from station UMF collected on 2023-06-19 community collected micro,33208,metazoa,mimarks-specimen,sediment [ENVO:00002007],2025-04-02 00:00:00,UMF_So_250402,Göran Bergqvist,NA,no_tide,meio,NA,1,32,NA,12.9,Van Veen Grab,SoSOP3,NA,2025-04-02 00:00:00,NA,-20,Göran Bergqvist,NA,NA,NA,N,140.89600000000002,2025-10-01 00:00:00,2025-10-17 00:00:00,-20,2025-11-24 00:00:00,2025-11-26 00:00:00,batch_7,,,,EMOBON_UMF_So_142
EMOBON_UMF_So_250402_meio_2,EMOBON mimarks-specimen sediment sample from station UMF collected on 2023-06-19 community collected micro,33208,metazoa,mimarks-specimen,sediment [ENVO:00002007],2025-04-02 00:00:00,UMF_So_250402,Göran Bergqvist,NA,no_tide,meio,NA,2,32,NA,12.9,Van Veen Grab,SoSOP3,NA,2025-04-02 00:00:00,"UMF, A13B passage, -80 freezer",-20,Göran Bergqvist,NA,NA,NA,N,96.89399999999999,NA,NA,NA,NA,NA,NA,NA,NA,NA,EMOBON_UMF_So_143
EMOBON_UMF_So_250402_meio_3,EMOBON mimarks-specimen sediment sample from station UMF collected on 2023-06-19 community collected micro,33208,metazoa,mimarks-specimen,sediment [ENVO:00002007],2025-04-02 00:00:00,UMF_So_250402,Göran Bergqvist,NA,no_tide,meio,NA,3,32,NA,12.9,Van Veen Grab,SoSOP3,NA,2025-04-02 00:00:00,"UMF, A13B passage, -80 freezer",-20,Göran Bergqvist,NA,NA,NA,Y,161.13799999999998,NA,NA,NA,NA,NA,NA,NA,NA,NA,EMOBON_UMF_So_144
EMOBON_UMF_So_250402_meio_4,EMOBON mimarks-specimen sediment sample from station UMF collected on 2023-06-19 community collected micro,33208,metazoa,mimarks-specimen,sediment [ENVO:00002007],2025-04-02 00:00:00,UMF_So_250402,Göran Bergqvist,NA,no_tide,meio,NA,4,32,NA,12.9,Van Veen Grab,SoSOP3,NA,2025-04-02 00:00:00,"UMF, A13B passage, -80 freezer",-20,Göran Bergqvist,NA,NA,NA,Y,142.617,NA,NA,NA,NA,NA,NA,NA,NA,NA,EMOBON_UMF_So_145
EMOBON_UMF_So_250402_meio_blank,EMOBON mimarks-specimen sediment sample from station UMF collected on 2023-06-19 community collected micro,256318,metagenome,mimarks-specimen,sediment [ENVO:00002007],2025-04-02 00:00:00,UMF_So_250402,Göran Bergqvist,NA,NA,NA,NA,blank_1,32,NA,NA,NA,SoSOP3,NA,2025-04-02 00:00:00,"UMF, A13B passage, -80 freezer",-20,Göran Bergqvist,NA,NA,NA,Y,NA,NA,NA,NA,NA,NA,NA,NA,NA,NA,EMOBON_UMF_So_146
EMOBON_UMF_So_250402_micro_1,EMOBON metagenome sediment sample from station UMF collected on 2023-06-19 community collected micro,412755,marine sediment metagenome,metagenome,sediment [ENVO:00002007],2025-04-02 00:00:00,UMF_So_250402,Göran Bergqvist,NA,no_tide,micro,NA,1,NA,NA,12.9,Van Veen Grab,SoSOP3,NA,2025-04-02 00:00:00,NA,-80,Göran Bergqvist,NA,NA,NA,N,10.23,2025-10-01 00:00:00,2025-10-17 00:00:00,-20,2025-11-24 00:00:00,2025-11-26 00:00:00,batch_7,,,,EMOBON_UMF_So_147
EMOBON_UMF_So_250402_micro_2,EMOBON metagenome sediment sample from station UMF collected on 2023-06-19 community collected micro,412755,marine sediment metagenome,metagenome,sediment [ENVO:00002007],2025-04-02 00:00:00,UMF_So_250402,Göran Bergqvist,NA,no_tide,micro,NA,2,NA,NA,12.9,Van Veen Grab,SoSOP3,NA,2025-04-02 00:00:00,"UMF, A13B passage, -80 freezer, box 2",-80,Göran Bergqvist,NA,NA,NA,N,10.24,NA,NA,NA,NA,NA,NA,NA,NA,NA,EMOBON_UMF_So_148
EMOBON_UMF_So_250402_micro_3,EMOBON metagenome sediment sample from station UMF collected on 2023-06-19 community collected micro,412755,marine sediment metagenome,metagenome,sediment [ENVO:00002007],2025-04-02 00:00:00,UMF_So_250402,Göran Bergqvist,NA,no_tide,micro,NA,3,NA,NA,12.9,Van Veen Grab,SoSOP3,NA,2025-04-02 00:00:00,"UMF, A13B passage, -80 freezer, box 2",-80,Göran Bergqvist,NA,NA,NA,Y,9.85,NA,NA,NA,NA,NA,NA,NA,NA,NA,EMOBON_UMF_So_149
EMOBON_UMF_So_250402_micro_4,EMOBON metagenome sediment sample from station UMF collected on 2023-06-19 community collected micro,412755,marine sediment metagenome,metagenome,sediment [ENVO:00002007],2025-04-02 00:00:00,UMF_So_250402,Göran Bergqvist,NA,no_tide,micro,NA,4,NA,NA,12.9,Van Veen Grab,SoSOP3,NA,2025-04-02 00:00:00,"UMF, A13B passage, -80 freezer, box 2",-80,Göran Bergqvist,NA,NA,NA,Y,10.01,NA,NA,NA,NA,NA,NA,NA,NA,NA,EMOBON_UMF_So_150
EMOBON_UMF_So_250402_micro_blank,EMOBON metagenome sediment sample from station UMF collected on 2023-06-19 community collected micro,256318,metagenome,metagenome,sediment [ENVO:00002007],2025-04-02 00:00:00,UMF_So_250402,Göran Bergqvist,NA,NA,NA,NA,blank_1,NA,NA,NA,NA,SoSOP3,NA,2025-04-02 00:00:00,"UMF, A13B passage, -80 freezer, box 2",-80,Göran Bergqvist,NA,NA,NA,Y,NA,NA,NA,NA,NA,NA,NA,NA,NA,NA,EMOBON_UMF_So_151
EMOBON_UMF_So_250402_macro_1,EMOBON mimarks-specimen sediment sample from station UMF collected on 2023-06-19 community collected micro,33208,metazoa,mimarks-specimen,sediment [ENVO:00002007],2025-04-02 00:00:00,UMF_So_250402,Göran Bergqvist,NA,no_tide,macro,NA,1,1000,NA,12.9,Van Veen Grab,SoSOP3,NA,2025-04-02 00:00:00,NA,4,Göran Bergqvist,NA,NA,NA,N,10.43,2025-10-01 00:00:00,2025-10-17 00:00:00,-20,2025-11-24 00:00:00,2025-11-26 00:00:00,batch_7,,,,EMOBON_UMF_So_152
EMOBON_UMF_So_250402_macro_2,EMOBON mimarks-specimen sediment sample from station UMF collected on 2023-06-19 community collected micro,33208,metazoa,mimarks-specimen,sediment [ENVO:00002007],2025-04-02 00:00:00,UMF_So_250402,Göran Bergqvist,NA,no_tide,macro,NA,2,1000,NA,12.9,Van Veen Grab,SoSOP3,NA,2025-04-02 00:00:00,"UMF, A23, +4 room",4,Göran Bergqvist,NA,NA,NA,N,10.39,NA,NA,NA,NA,NA,NA,NA,NA,NA,EMOBON_UMF_So_153
EMOBON_UMF_So_250402_macro_3,EMOBON mimarks-specimen sediment sample from station UMF collected on 2023-06-19 community collected micro,33208,metazoa,mimarks-specimen,sediment [ENVO:00002007],2025-04-02 00:00:00,UMF_So_250402,Göran Bergqvist,NA,no_tide,macro,NA,3,1000,NA,12.9,Van Veen Grab,SoSOP3,NA,2025-04-02 00:00:00,"UMF, A23, +4 room",4,Göran Bergqvist,NA,NA,NA,Y,10.26,NA,NA,NA,NA,NA,NA,NA,NA,NA,EMOBON_UMF_So_154
EMOBON_UMF_So_250402_macro_4,EMOBON mimarks-specimen sediment sample from station UMF collected on 2023-06-19 community collected micro,33208,metazoa,mimarks-specimen,sediment [ENVO:00002007],2025-04-02 00:00:00,UMF_So_250402,Göran Bergqvist,NA,no_tide,macro,NA,4,1000,NA,12.9,Van Veen Grab,SoSOP3,NA,2025-04-02 00:00:00,"UMF, A23, +4 room",4,Göran Bergqvist,NA,NA,NA,Y,10.74,NA,NA,NA,NA,NA,NA,NA,NA,NA,EMOBON_UMF_So_155
EMOBON_UMF_So_250402_macro_blank,EMOBON mimarks-specimen sediment sample from station UMF collected on 2023-06-19 community collected micro,256318,metagenome,mimarks-specimen,sediment [ENVO:00002007],2025-04-02 00:00:00,UMF_So_250402,Göran Bergqvist,NA,NA,NA,NA,blank_1,NA,NA,NA,NA,SoSOP3,NA,2025-04-02 00:00:00,"UMF, A23, +4 room",4,Göran Bergqvist,NA,NA,NA,Y,NA,NA,NA,NA,NA,NA,NA,NA,NA,NA,EMOBON_UMF_So_156
EMOBON_UMF_So_250604_meio_1,EMOBON mimarks-specimen sediment sample from station UMF collected on 2023-06-19 community collected micro,33208,metazoa,mimarks-specimen,sediment [ENVO:00002007],2025-06-04 00:00:00,UMF_So_250604,Göran Bergqvist,NA,no_tide,meio,NA,1,32,NA,11,Van Veen Grab,SoSOP3,NA,2025-06-04 00:00:00,NA,-20,Göran Bergqvist,NA,NA,NA,N,134.71,2025-10-01 00:00:00,2025-10-17 00:00:00,-20,2025-11-24 00:00:00,2025-11-26 00:00:00,batch_7,,,,EMOBON_UMF_So_157
EMOBON_UMF_So_250604_meio_2,EMOBON mimarks-specimen sediment sample from station UMF collected on 2023-06-19 community collected micro,33208,metazoa,mimarks-specimen,sediment [ENVO:00002007],2025-06-04 00:00:00,UMF_So_250604,Göran Bergqvist,NA,no_tide,meio,NA,2,32,NA,11,Van Veen Grab,SoSOP3,NA,2025-06-04 00:00:00,"UMF, A13B passage, -80 freezer",-20,Göran Bergqvist,NA,NA,NA,N,137.21,NA,NA,NA,NA,NA,NA,NA,NA,NA,EMOBON_UMF_So_158
EMOBON_UMF_So_250604_meio_3,EMOBON mimarks-specimen sediment sample from station UMF collected on 2023-06-19 community collected micro,33208,metazoa,mimarks-specimen,sediment [ENVO:00002007],2025-06-04 00:00:00,UMF_So_250604,Göran Bergqvist,NA,no_tide,meio,NA,3,32,NA,11,Van Veen Grab,SoSOP3,NA,2025-06-04 00:00:00,"UMF, A13B passage, -80 freezer",-20,Göran Bergqvist,NA,NA,NA,Y,103.54,NA,NA,NA,NA,NA,NA,NA,NA,NA,EMOBON_UMF_So_159
EMOBON_UMF_So_250604_meio_4,EMOBON mimarks-specimen sediment sample from station UMF collected on 2023-06-19 community collected micro,33208,metazoa,mimarks-specimen,sediment [ENVO:00002007],2025-06-04 00:00:00,UMF_So_250604,Göran Bergqvist,NA,no_tide,meio,NA,4,32,NA,11,Van Veen Grab,SoSOP3,NA,2025-06-04 00:00:00,"UMF, A13B passage, -80 freezer",-20,Göran Bergqvist,NA,NA,NA,Y,137.27,NA,NA,NA,NA,NA,NA,NA,NA,NA,EMOBON_UMF_So_160
EMOBON_UMF_So_250604_meio_blank,EMOBON mimarks-specimen sediment sample from station UMF collected on 2023-06-19 community collected micro,256318,metagenome,mimarks-specimen,sediment [ENVO:00002007],2025-06-04 00:00:00,UMF_So_250604,Göran Bergqvist,NA,NA,NA,NA,blank_1,32,NA,NA,NA,SoSOP3,NA,2025-06-04 00:00:00,"UMF, A13B passage, -80 freezer",-20,Göran Bergqvist,NA,NA,NA,Y,NA,NA,NA,NA,NA,NA,NA,NA,NA,NA,EMOBON_UMF_So_161
EMOBON_UMF_So_250604_micro_1,EMOBON metagenome sediment sample from station UMF collected on 2023-06-19 community collected micro,412755,marine sediment metagenome,metagenome,sediment [ENVO:00002007],2025-06-04 00:00:00,UMF_So_250604,Göran Bergqvist,NA,no_tide,micro,NA,1,NA,NA,11,Van Veen Grab,SoSOP3,NA,2025-06-04 00:00:00,NA,-80,Göran Bergqvist,NA,NA,NA,N,10.1,2025-10-01 00:00:00,2025-10-17 00:00:00,-20,2025-11-24 00:00:00,2025-11-26 00:00:00,batch_7,,,,EMOBON_UMF_So_162
EMOBON_UMF_So_250604_micro_2,EMOBON metagenome sediment sample from station UMF collected on 2023-06-19 community collected micro,412755,marine sediment metagenome,metagenome,sediment [ENVO:00002007],2025-06-04 00:00:00,UMF_So_250604,Göran Bergqvist,NA,no_tide,micro,NA,2,NA,NA,11,Van Veen Grab,SoSOP3,NA,2025-06-04 00:00:00,"UMF, A13B passage, -80 freezer, box 2",-80,Göran Bergqvist,NA,NA,NA,N,10.07,NA,NA,NA,NA,NA,NA,NA,NA,NA,EMOBON_UMF_So_163
EMOBON_UMF_So_250604_micro_3,EMOBON metagenome sediment sample from station UMF collected on 2023-06-19 community collected micro,412755,marine sediment metagenome,metagenome,sediment [ENVO:00002007],2025-06-04 00:00:00,UMF_So_250604,Göran Bergqvist,NA,no_tide,micro,NA,3,NA,NA,11,Van Veen Grab,SoSOP3,NA,2025-06-04 00:00:00,"UMF, A13B passage, -80 freezer, box 2",-80,Göran Bergqvist,NA,NA,NA,Y,10.07,NA,NA,NA,NA,NA,NA,NA,NA,NA,EMOBON_UMF_So_164
EMOBON_UMF_So_250604_micro_4,EMOBON metagenome sediment sample from station UMF collected on 2023-06-19 community collected micro,412755,marine sediment metagenome,metagenome,sediment [ENVO:00002007],2025-06-04 00:00:00,UMF_So_250604,Göran Bergqvist,NA,no_tide,micro,NA,4,NA,NA,11,Van Veen Grab,SoSOP3,NA,2025-06-04 00:00:00,"UMF, A13B passage, -80 freezer, box 2",-80,Göran Bergqvist,NA,NA,NA,Y,10.03,NA,NA,NA,NA,NA,NA,NA,NA,NA,EMOBON_UMF_So_165
EMOBON_UMF_So_250604_micro_blank,EMOBON metagenome sediment sample from station UMF collected on 2023-06-19 community collected micro,256318,metagenome,metagenome,sediment [ENVO:00002007],2025-06-04 00:00:00,UMF_So_250604,Göran Bergqvist,NA,NA,NA,NA,blank_1,NA,NA,NA,NA,SoSOP3,NA,2025-06-04 00:00:00,"UMF, A13B passage, -80 freezer, box 2",-80,Göran Bergqvist,NA,NA,NA,Y,NA,NA,NA,NA,NA,NA,NA,NA,NA,NA,EMOBON_UMF_So_166
EMOBON_UMF_So_250901_micro_1,EMOBON metagenome sediment sample from station UMF collected on 2023-06-19 community collected micro,412755,marine sediment metagenome,metagenome,sediment [ENVO:00002007],2025-09-01 00:00:00,UMF_So_250901,Göran Bergqvist,NA,no_tide,micro,NA,1,NA,NA,13,Van Veen Grab,SoSOP3,NA,2025-09-01 00:00:00,NA,-80,Göran Bergqvist,NA,NA,NA,N,9.94,2025-10-01 00:00:00,2025-10-17 00:00:00,-20,2025-11-24 00:00:00,2025-11-26 00:00:00,batch_7,,,,EMOBON_UMF_So_167
EMOBON_UMF_So_250901_micro_2,EMOBON metagenome sediment sample from station UMF collected on 2023-06-19 community collected micro,412755,marine sediment metagenome,metagenome,sediment [ENVO:00002007],2025-09-01 00:00:00,UMF_So_250901,Göran Bergqvist,NA,no_tide,micro,NA,2,NA,NA,13,Van Veen Grab,SoSOP3,NA,2025-09-01 00:00:00,"UMF, A13B passage, -80 freezer, box 2",-80,Göran Bergqvist,NA,NA,NA,N,10.42,NA,NA,NA,NA,NA,NA,NA,NA,NA,EMOBON_UMF_So_168
EMOBON_UMF_So_250901_micro_3,EMOBON metagenome sediment sample from station UMF collected on 2023-06-19 community collected micro,412755,marine sediment metagenome,metagenome,sediment [ENVO:00002007],2025-09-01 00:00:00,UMF_So_250901,Göran Bergqvist,NA,no_tide,micro,NA,3,NA,NA,13,Van Veen Grab,SoSOP3,NA,2025-09-01 00:00:00,"UMF, A13B passage, -80 freezer, box 2",-80,Göran Bergqvist,NA,NA,NA,Y,10.09,NA,NA,NA,NA,NA,NA,NA,NA,NA,EMOBON_UMF_So_169
EMOBON_UMF_So_250901_micro_4,EMOBON metagenome sediment sample from station UMF collected on 2023-06-19 community collected micro,412755,marine sediment metagenome,metagenome,sediment [ENVO:00002007],2025-09-01 00:00:00,UMF_So_250901,Göran Bergqvist,NA,no_tide,micro,NA,4,NA,NA,13,Van Veen Grab,SoSOP3,NA,2025-09-01 00:00:00,"UMF, A13B passage, -80 freezer, box 2",-80,Göran Bergqvist,NA,NA,NA,Y,10.43,NA,NA,NA,NA,NA,NA,NA,NA,NA,EMOBON_UMF_So_170
EMOBON_UMF_So_250901_micro_blank,EMOBON metagenome sediment sample from station UMF collected on 2023-06-19 community collected micro,256318,metagenome,metagenome,NA,2025-09-01 00:00:00,UMF_So_250901,Göran Bergqvist,NA,NA,NA,NA,blank_1,NA,NA,NA,NA,SoSOP3,NA,2025-09-01 00:00:00,"UMF, A13B passage, -80 freezer, box 2",-80,Göran Bergqvist,NA,NA,NA,Y,NA,NA,NA,NA,NA,NA,NA,NA,NA,NA,EMOBON_UMF_So_171
EMOBON_UMF_So_251021_meio_1,,,,,sediment [ENVO:00002007],2025-10-21 00:00:00,UMF_So_251021,Göran Bergqvist,NA,NA,meio,,1,32,NA,13,Van Veen Grab,SoSOP3,NA,2025-10-21 00:00:00,NA,-20,Göran Bergqvist,NA,NA,NA,N,55.57,2026-03-09 00:00:00,2026-04-06 00:00:00,-20,,,batch_8,,,,EMOBON_UMF_So_172
EMOBON_UMF_So_251021_meio_2,,,,,sediment [ENVO:00002007],2025-10-21 00:00:00,UMF_So_251021,Göran Bergqvist,NA,NA,meio,,2,32,NA,13,Van Veen Grab,SoSOP3,NA,2025-10-22 00:00:00,UMF freeze room,-20,Göran Bergqvist,NA,NA,NA,N,95.25,NA,NA,NA,NA,NA,NA,NA,NA,NA,EMOBON_UMF_So_173
EMOBON_UMF_So_251021_meio_3,,,,,sediment [ENVO:00002007],2025-10-21 00:00:00,UMF_So_251021,Göran Bergqvist,NA,NA,meio,,3,32,NA,13,Van Veen Grab,SoSOP3,NA,2025-10-23 00:00:00,UMF freeze room,-20,Göran Bergqvist,NA,NA,NA,Y,80.79,NA,NA,NA,NA,NA,NA,NA,NA,NA,EMOBON_UMF_So_174
EMOBON_UMF_So_251021_meio_4,,,,,sediment [ENVO:00002007],2025-10-21 00:00:00,UMF_So_251021,Göran Bergqvist,NA,NA,meio,,4,32,NA,13,Van Veen Grab,SoSOP3,NA,2025-10-24 00:00:00,UMF freeze room,-20,Göran Bergqvist,NA,NA,NA,Y,89.38,NA,NA,NA,NA,NA,NA,NA,NA,NA,EMOBON_UMF_So_175
EMOBON_UMF_So_251021_meio_blank,,,,,NA,2025-10-21 00:00:00,UMF_So_251021,Göran Bergqvist,NA,NA,meio,,blank_1,32,NA,NA,NA,SoSOP3,NA,2025-10-25 00:00:00,UMF freeze room,-20,Göran Bergqvist,NA,NA,NA,Y,NA,NA,NA,NA,NA,NA,NA,NA,NA,NA,EMOBON_UMF_So_176
EMOBON_UMF_So_251021_micro_1,,,,,sediment [ENVO:00002007],2025-10-21 00:00:00,UMF_So_251021,Göran Bergqvist,NA,NA,micro,,1,NA,NA,13,Van Veen Grab,SoSOP3,NA,2025-10-26 00:00:00,NA,-80,Göran Bergqvist,NA,NA,NA,N,10.15,2026-03-09 00:00:00,2026-04-06 00:00:00,-20,,,batch_8,,,,EMOBON_UMF_So_177
EMOBON_UMF_So_251021_micro_2,,,,,sediment [ENVO:00002007],2025-10-21 00:00:00,UMF_So_251021,Göran Bergqvist,NA,NA,micro,,2,NA,NA,13,Van Veen Grab,SoSOP3,NA,2025-10-27 00:00:00,"UMF, A13B passage, -80 freezer, box 2",-80,Göran Bergqvist,NA,NA,NA,N,10.11,NA,NA,NA,NA,NA,NA,NA,NA,NA,EMOBON_UMF_So_178
EMOBON_UMF_So_251021_micro_3,,,,,sediment [ENVO:00002007],2025-10-21 00:00:00,UMF_So_251021,Göran Bergqvist,NA,NA,micro,,3,NA,NA,13,Van Veen Grab,SoSOP3,NA,2025-10-28 00:00:00,"UMF, A13B passage, -80 freezer, box 2",-80,Göran Bergqvist,NA,NA,NA,Y,10.33,NA,NA,NA,NA,NA,NA,NA,NA,NA,EMOBON_UMF_So_179
EMOBON_UMF_So_251021_micro_4,,,,,sediment [ENVO:00002007],2025-10-21 00:00:00,UMF_So_251021,Göran Bergqvist,NA,NA,micro,,4,NA,NA,13,Van Veen Grab,SoSOP3,NA,2025-10-29 00:00:00,"UMF, A13B passage, -80 freezer, box 2",-80,Göran Bergqvist,NA,NA,NA,Y,10.08,NA,NA,NA,NA,NA,NA,NA,NA,NA,EMOBON_UMF_So_180
EMOBON_UMF_So_251021_micro_blank,,,,,NA,2025-10-21 00:00:00,UMF_So_251021,Göran Bergqvist,NA,NA,micro,,blank_1,NA,NA,NA,NA,SoSOP3,NA,2025-10-30 00:00:00,"UMF, A13B passage, -80 freezer, box 2",-80,Göran Bergqvist,NA,NA,NA,Y,NA,NA,NA,NA,NA,NA,NA,NA,NA,NA,EMOBON_UMF_So_181
EMOBON_UMF_So_251021_macro_1,,,,,sediment [ENVO:00002007],2025-10-21 00:00:00,UMF_So_251021,Göran Bergqvist,NA,NA,macro,,1,1000,1,13,Van Veen Grab,SoSOP3,less than 10 gram collected,2025-10-31 00:00:00,NA,4,Göran Bergqvist,NA,NA,NA,N,7.47,2026-03-09 00:00:00,2026-04-06 00:00:00,-20,,,batch_8,,,,EMOBON_UMF_So_182
EMOBON_UMF_So_251021_macro_2,,,,,sediment [ENVO:00002007],2025-10-21 00:00:00,UMF_So_251021,Göran Bergqvist,NA,NA,macro,,2,1000,1,13,Van Veen Grab,SoSOP3,less than 10 gram collected,2025-11-01 00:00:00,"UMF, A23, +4 room",4,Göran Bergqvist,NA,NA,NA,N,7.31,NA,NA,NA,NA,NA,NA,NA,NA,NA,EMOBON_UMF_So_183
EMOBON_UMF_So_251021_macro_3,,,,,sediment [ENVO:00002007],2025-10-21 00:00:00,UMF_So_251021,Göran Bergqvist,NA,NA,macro,,3,1000,1,13,Van Veen Grab,SoSOP3,less than 10 gram collected,2025-11-02 00:00:00,"UMF, A23, +4 room",4,Göran Bergqvist,NA,NA,NA,Y,7.43,NA,NA,NA,NA,NA,NA,NA,NA,NA,EMOBON_UMF_So_184
EMOBON_UMF_So_251021_macro_4,,,,,sediment [ENVO:00002007],2025-10-21 00:00:00,UMF_So_251021,Göran Bergqvist,NA,NA,macro,,4,1000,1,13,Van Veen Grab,SoSOP3,less than 10 gram collected,2025-11-03 00:00:00,"UMF, A23, +4 room",4,Göran Bergqvist,NA,NA,NA,Y,7.53,NA,NA,NA,NA,NA,NA,NA,NA,NA,EMOBON_UMF_So_185
EMOBON_UMF_So_251021_macro_blank,,,,,,2025-10-21 00:00:00,UMF_So_251021,Göran Bergqvist,NA,NA,macro,,blank_1,NA,1,NA,NA,SoSOP3,NA,2025-11-04 00:00:00,"UMF, A23, +4 room",4,Göran Bergqvist,NA,NA,NA,Y,NA,NA,NA,NA,NA,NA,NA,NA,NA,NA,EMOBON_UMF_So_186
EMOBON_UMF_So_251209_micro_1,,412755,marine sediment metagenome,metagenome,sediment [ENVO:00002007],2025-12-09 00:00:00,UMF_So_251209,Göran Bergqvist,NA,no_tide,micro,NA,1,NA,NA,11.7,Van Veen Grab,SoSOP3,NA,2025-12-09 00:00:00,NA,-80,Göran Bergqvist,NA,NA,NA,N,9.86,2026-03-09 00:00:00,2026-04-06 00:00:00,-20,,,batch_8,,,,EMOBON_UMF_So_187
EMOBON_UMF_So_251209_micro_2,,412755,marine sediment metagenome,metagenome,sediment [ENVO:00002007],2025-12-09 00:00:00,UMF_So_251209,Göran Bergqvist,NA,no_tide,micro,NA,2,NA,NA,11.7,Van Veen Grab,SoSOP3,NA,2025-12-09 00:00:00,"UMF, A13B passage, -80 freezer, box 2",-80,Göran Bergqvist,NA,NA,NA,N,10.26,NA,NA,NA,NA,NA,NA,NA,NA,NA,EMOBON_UMF_So_188
EMOBON_UMF_So_251209_micro_3,,412755,marine sediment metagenome,metagenome,sediment [ENVO:00002007],2025-12-09 00:00:00,UMF_So_251209,Göran Bergqvist,NA,no_tide,micro,NA,3,NA,NA,11.7,Van Veen Grab,SoSOP3,NA,2025-12-09 00:00:00,"UMF, A13B passage, -80 freezer, box 2",-80,Göran Bergqvist,NA,NA,NA,Y,10.22,NA,NA,NA,NA,NA,NA,NA,NA,NA,EMOBON_UMF_So_189
EMOBON_UMF_So_251209_micro_4,,412755,marine sediment metagenome,metagenome,sediment [ENVO:00002007],2025-12-09 00:00:00,UMF_So_251209,Göran Bergqvist,NA,no_tide,micro,NA,4,NA,NA,11.7,Van Veen Grab,SoSOP3,NA,2025-12-09 00:00:00,"UMF, A13B passage, -80 freezer, box 2",-80,Göran Bergqvist,NA,NA,NA,Y,10.37,NA,NA,NA,NA,NA,NA,NA,NA,NA,EMOBON_UMF_So_190
EMOBON_UMF_So_251209_micro_blank,,256318,metagenome,metagenome,NA,2025-12-09 00:00:00,UMF_So_251209,Göran Bergqvist,NA,NA,NA,NA,blank_1,NA,NA,NA,NA,SoSOP3,NA,2025-12-09 00:00:00,"UMF, A13B passage, -80 freezer, box 2",-80,Göran Bergqvist,NA,NA,NA,Y,NA,NA,NA,NA,NA,NA,NA,NA,NA,NA,EMOBON_UMF_So_191
EMOBON_UMF_So_260218_micro_1,,412755,marine sediment metagenome,metagenome,sediment [ENVO:00002007],2026-02-18 00:00:00,UMF_So_260218,Göran Bergqvist,NA,no_tide,micro,ice surface layer [ENVO_01001542],1,NA,NA,11.7,Ekman Grab,SoSOP3,NA,2026-02-18 00:00:00,NA,-80,Göran Bergqvist,NA,NA,NA,N,10.3,2026-03-09 00:00:00,2026-04-06 00:00:00,-20,,,batch_8,,,,EMOBON_UMF_So_192
EMOBON_UMF_So_260218_micro_2,,412755,marine sediment metagenome,metagenome,sediment [ENVO:00002007],2026-02-18 00:00:00,UMF_So_260218,Göran Bergqvist,NA,no_tide,micro,ice surface layer [ENVO_01001542],2,NA,NA,11.7,Ekman Grab,SoSOP3,NA,2026-02-18 00:00:00,"UMF, A13B passage, -80 freezer, box 2",-80,Göran Bergqvist,NA,NA,NA,N,11.69,NA,NA,NA,NA,NA,NA,NA,NA,NA,EMOBON_UMF_So_193
EMOBON_UMF_So_260218_micro_3,,412755,marine sediment metagenome,metagenome,sediment [ENVO:00002007],2026-02-18 00:00:00,UMF_So_260218,Göran Bergqvist,NA,no_tide,micro,ice surface layer [ENVO_01001542],3,NA,NA,11.7,Ekman Grab,SoSOP3,NA,2026-02-18 00:00:00,"UMF, A13B passage, -80 freezer, box 2",-80,Göran Bergqvist,NA,NA,NA,Y,10,NA,NA,NA,NA,NA,NA,NA,NA,NA,EMOBON_UMF_So_194
EMOBON_UMF_So_260218_micro_4,,412755,marine sediment metagenome,metagenome,sediment [ENVO:00002007],2026-02-18 00:00:00,UMF_So_260218,Göran Bergqvist,NA,no_tide,micro,ice surface layer [ENVO_01001542],4,NA,NA,11.7,Ekman Grab,SoSOP3,NA,2026-02-18 00:00:00,"UMF, A13B passage, -80 freezer, box 2",-80,Göran Bergqvist,NA,NA,NA,Y,10.03,NA,NA,NA,NA,NA,NA,NA,NA,NA,EMOBON_UMF_So_195
EMOBON_UMF_So_260218_micro_blank,,256318,metagenome,metagenome,NA,2026-02-18 00:00:00,UMF_So_260218,Göran Bergqvist,NA,NA,NA,NA,blank_1,NA,NA,NA,NA,SoSOP3,NA,2026-02-18 00:00:00,"UMF, A13B passage, -80 freezer, box 2",-80,Göran Bergqvist,NA,NA,NA,Y,NA,NA,NA,NA,NA,NA,NA,NA,NA,NA,EMOBON_UMF_So_196
EMOBON_UMF_So_260504_meio_1,,,,,sediment [ENVO:00002007],2026-05-04 00:00:00,UMF_So_260504,Göran Bergqvist,NA,no_tide,meio,NA,1,32,NA,11.7,Van Veen Grab,SoSOP3,NA,2026-05-04 00:00:00,UMF freeze room,-20,Göran Bergqvist,NA,NA,NA,N,105.3,pls ship for batch 9,,,,,,,,,EMOBON_UMF_So_197
EMOBON_UMF_So_260504_meio_2,,,,,sediment [ENVO:00002007],2026-05-04 00:00:00,UMF_So_260504,Göran Bergqvist,NA,no_tide,meio,NA,2,32,NA,11.7,Van Veen Grab,SoSOP3,NA,2026-05-05 00:00:00,UMF freeze room,-20,Göran Bergqvist,NA,NA,NA,N,65.55,NA,NA,NA,NA,NA,NA,NA,NA,NA,EMOBON_UMF_So_198
EMOBON_UMF_So_260504_meio_3,,,,,sediment [ENVO:00002007],2026-05-04 00:00:00,UMF_So_260504,Göran Bergqvist,NA,no_tide,meio,NA,3,32,NA,11.7,Van Veen Grab,SoSOP3,NA,2026-05-06 00:00:00,UMF freeze room,-20,Göran Bergqvist,NA,NA,NA,Y,68.61,NA,NA,NA,NA,NA,NA,NA,NA,NA,EMOBON_UMF_So_199
EMOBON_UMF_So_260504_meio_4,,,,,sediment [ENVO:00002007],2026-05-04 00:00:00,UMF_So_260504,Göran Bergqvist,NA,no_tide,meio,NA,4,32,NA,11.7,Van Veen Grab,SoSOP3,NA,2026-05-07 00:00:00,UMF freeze room,-20,Göran Bergqvist,NA,NA,NA,Y,94.22,NA,NA,NA,NA,NA,NA,NA,NA,NA,EMOBON_UMF_So_200
EMOBON_UMF_So_260504_meio_blank,,,,,NA,2026-05-04 00:00:00,UMF_So_260504,Göran Bergqvist,NA,NA,meio,NA,blank_1,32,NA,NA,NA,SoSOP3,NA,2026-05-08 00:00:00,UMF freeze room,-20,Göran Bergqvist,NA,NA,NA,Y,NA,NA,NA,NA,NA,NA,NA,NA,NA,NA,EMOBON_UMF_So_201
EMOBON_UMF_So_260504_micro_1,,,,,sediment [ENVO:00002007],2026-05-04 00:00:00,UMF_So_260504,Göran Bergqvist,NA,no_tide,micro,NA,1,NA,NA,11.7,Van Veen Grab,SoSOP3,NA,2026-05-09 00:00:00,"UMF, A13B passage, -80 freezer",-80,Göran Bergqvist,NA,NA,NA,N,10.49,pls ship for batch 9,,,,,,,,,EMOBON_UMF_So_202
EMOBON_UMF_So_260504_micro_2,,,,,sediment [ENVO:00002007],2026-05-04 00:00:00,UMF_So_260504,Göran Bergqvist,NA,no_tide,micro,NA,2,NA,NA,11.7,Van Veen Grab,SoSOP3,NA,2026-05-10 00:00:00,"UMF, A13B passage, -80 freezer",-80,Göran Bergqvist,NA,NA,NA,N,10.39,NA,NA,NA,NA,NA,NA,NA,NA,NA,EMOBON_UMF_So_203
EMOBON_UMF_So_260504_micro_3,,,,,sediment [ENVO:00002007],2026-05-04 00:00:00,UMF_So_260504,Göran Bergqvist,NA,no_tide,micro,NA,3,NA,NA,11.7,Van Veen Grab,SoSOP3,NA,2026-05-11 00:00:00,"UMF, A13B passage, -80 freezer",-80,Göran Bergqvist,NA,NA,NA,Y,10.42,NA,NA,NA,NA,NA,NA,NA,NA,NA,EMOBON_UMF_So_204
EMOBON_UMF_So_260504_micro_4,,,,,sediment [ENVO:00002007],2026-05-04 00:00:00,UMF_So_260504,Göran Bergqvist,NA,no_tide,micro,NA,4,NA,NA,11.7,Van Veen Grab,SoSOP3,NA,2026-05-12 00:00:00,"UMF, A13B passage, -80 freezer",-80,Göran Bergqvist,NA,NA,NA,Y,10.01,NA,NA,NA,NA,NA,NA,NA,NA,NA,EMOBON_UMF_So_205
EMOBON_UMF_So_260504_micro_blank,,,,,NA,2026-05-04 00:00:00,UMF_So_260504,Göran Bergqvist,NA,NA,micro,NA,blank_1,NA,NA,NA,NA,SoSOP3,NA,2026-05-13 00:00:00,"UMF, A13B passage, -80 freezer",-80,Göran Bergqvist,NA,NA,NA,Y,NA,NA,NA,NA,NA,NA,NA,NA,NA,NA,EMOBON_UMF_So_206
EMOBON_UMF_So_260504_macro_1,,,,,sediment [ENVO:00002007],2026-05-04 00:00:00,UMF_So_260504,Göran Bergqvist,NA,no_tide,macro,NA,1,1000,NA,11.7,Van Veen Grab,SoSOP3,NA,2026-05-14 00:00:00,"UMF, A23, +4 room",4,Göran Bergqvist,NA,NA,NA,N,,pls ship for batch 9,,,,,,,,,EMOBON_UMF_So_207
EMOBON_UMF_So_260504_macro_2,,,,,sediment [ENVO:00002007],2026-05-04 00:00:00,UMF_So_260504,Göran Bergqvist,NA,no_tide,macro,NA,2,1000,NA,11.7,Van Veen Grab,SoSOP3,NA,2026-05-15 00:00:00,"UMF, A23, +4 room",4,Göran Bergqvist,NA,NA,NA,N,,NA,NA,NA,NA,NA,NA,NA,NA,NA,EMOBON_UMF_So_208
EMOBON_UMF_So_260504_macro_3,,,,,sediment [ENVO:00002007],2026-05-04 00:00:00,UMF_So_260504,Göran Bergqvist,NA,no_tide,macro,NA,3,1000,NA,11.7,Van Veen Grab,SoSOP3,NA,2026-05-16 00:00:00,"UMF, A23, +4 room",4,Göran Bergqvist,NA,NA,NA,Y,,NA,NA,NA,NA,NA,NA,NA,NA,NA,EMOBON_UMF_So_209
EMOBON_UMF_So_260504_macro_4,,,,,sediment [ENVO:00002007],2026-05-04 00:00:00,UMF_So_260504,Göran Bergqvist,NA,no_tide,macro,NA,4,1000,NA,11.7,Van Veen Grab,SoSOP3,NA,2026-05-17 00:00:00,"UMF, A23, +4 room",4,Göran Bergqvist,NA,NA,NA,Y,,NA,NA,NA,NA,NA,NA,NA,NA,NA,EMOBON_UMF_So_210
EMOBON_UMF_So_260504_macro_blank,,,,,NA,2026-05-04 00:00:00,UMF_So_260504,Göran Bergqvist,NA,NA,macro,NA,blank_1,NA,NA,NA,NA,SoSOP3,NA,2026-05-18 00:00:00,"UMF, A23, +4 room",4,Göran Bergqvist,NA,NA,NA,Y,,NA,NA,NA,NA,NA,NA,NA,NA,NA,EMOBON_UMF_So_211
EMOBON_UMF_So_221026_macro_blank,,,,,,,,,,,macro,,,NA,NA,NA,NA,,,,"UMF, A23, +4 room",,,,,,NA,NA,NA,NA,NA,NA,NA,NA,NA,NA,NA,EMOBON_UMF_So_212
EMOBON_UMF_So_230502_macro_blank,,,,,,,,,,,macro,,,NA,NA,NA,NA,,,,"UMF, A23, +4 room",,,,,,NA,NA,NA,NA,NA,NA,NA,NA,NA,NA,NA,EMOBON_UMF_So_213
,,,,,,,,,,,,,,,,,,,,,,,,,,,,,,,,,,,,,,EMOBON_UMF_So_214
,,,,,,,,,,,,,,,,,,,,,,,,,,,,,,,,,,,,,,EMOBON_UMF_So_215
,,,,,,,,,,,,,,,,,,,,,,,,,,,,,,,,,,,,,,EMOBON_UMF_So_216
,,,,,,,,,,,,,,,,,,,,,,,,,,,,,,,,,,,,,,EMOBON_UMF_So_217
,,,,,,,,,,,,,,,,,,,,,,,,,,,,,,,,,,,,,,EMOBON_UMF_So_218
,,,,,,,,,,,,,,,,,,,,,,,,,,,,,,,,,,,,,,EMOBON_UMF_So_219
,,,,,,,,,,,,,,,,,,,,,,,,,,,,,,,,,,,,,,EMOBON_UMF_So_220
,,,,,,,,,,,,,,,,,,,,,,,,,,,,,,,,,,,,,,EMOBON_UMF_So_221
,,,,,,,,,,,,,,,,,,,,,,,,,,,,,,,,,,,,,,EMOBON_UMF_So_222
,,,,,,,,,,,,,,,,,,,,,,,,,,,,,,,,,,,,,,EMOBON_UMF_So_223
,,,,,,,,,,,,,,,,,,,,,,,,,,,,,,,,,,,,,,EMOBON_UMF_So_224
,,,,,,,,,,,,,,,,,,,,,,,,,,,,,,,,,,,,,,EMOBON_UMF_So_225
,,,,,,,,,,,,,,,,,,,,,,,,,,,,,,,,,,,,,,EMOBON_UMF_So_226
,,,,,,,,,,,,,,,,,,,,,,,,,,,,,,,,,,,,,,EMOBON_UMF_So_227
,,,,,,,,,,,,,,,,,,,,,,,,,,,,,,,,,,,,,,EMOBON_UMF_So_228
,,,,,,,,,,,,,,,,,,,,,,,,,,,,,,,,,,,,,,EMOBON_UMF_So_229
,,,,,,,,,,,,,,,,,,,,,,,,,,,,,,,,,,,,,,EMOBON_UMF_So_230
,,,,,,,,,,,,,,,,,,,,,,,,,,,,,,,,,,,,,,EMOBON_UMF_So_231
,,,,,,,,,,,,,,,,,,,,,,,,,,,,,,,,,,,,,,EMOBON_UMF_So_232
,,,,,,,,,,,,,,,,,,,,,,,,,,,,,,,,,,,,,,EMOBON_UMF_So_233
,,,,,,,,,,,,,,,,,,,,,,,,,,,,,,,,,,,,,,EMOBON_UMF_So_234
,,,,,,,,,,,,,,,,,,,,,,,,,,,,,,,,,,,,,,EMOBON_UMF_So_235
,,,,,,,,,,,,,,,,,,,,,,,,,,,,,,,,,,,,,,EMOBON_UMF_So_236
,,,,,,,,,,,,,,,,,,,,,,,,,,,,,,,,,,,,,,EMOBON_UMF_So_237
,,,,,,,,,,,,,,,,,,,,,,,,,,,,,,,,,,,,,,EMOBON_UMF_So_238
,,,,,,,,,,,,,,,,,,,,,,,,,,,,,,,,,,,,,,EMOBON_UMF_So_239
,,,,,,,,,,,,,,,,,,,,,,,,,,,,,,,,,,,,,,EMOBON_UMF_So_240
,,,,,,,,,,,,,,,,,,,,,,,,,,,,,,,,,,,,,,EMOBON_UMF_So_241
,,,,,,,,,,,,,,,,,,,,,,,,,,,,,,,,,,,,,,EMOBON_UMF_So_242
,,,,,,,,,,,,,,,,,,,,,,,,,,,,,,,,,,,,,,EMOBON_UMF_So_243
,,,,,,,,,,,,,,,,,,,,,,,,,,,,,,,,,,,,,,EMOBON_UMF_So_244
,,,,,,,,,,,,,,,,,,,,,,,,,,,,,,,,,,,,,,EMOBON_UMF_So_245
,,,,,,,,,,,,,,,,,,,,,,,,,,,,,,,,,,,,,,EMOBON_UMF_So_246
,,,,,,,,,,,,,,,,,,,,,,,,,,,,,,,,,,,,,,EMOBON_UMF_So_247
,,,,,,,,,,,,,,,,,,,,,,,,,,,,,,,,,,,,,,EMOBON_UMF_So_248
,,,,,,,,,,,,,,,,,,,,,,,,,,,,,,,,,,,,,,EMOBON_UMF_So_249
,,,,,,,,,,,,,,,,,,,,,,,,,,,,,,,,,,,,,,EMOBON_UMF_So_250
,,,,,,,,,,,,,,,,,,,,,,,,,,,,,,,,,,,,,,EMOBON_UMF_So_251
,,,,,,,,,,,,,,,,,,,,,,,,,,,,,,,,,,,,,,EMOBON_UMF_So_252
,,,,,,,,,,,,,,,,,,,,,,,,,,,,,,,,,,,,,,EMOBON_UMF_So_253
,,,,,,,,,,,,,,,,,,,,,,,,,,,,,,,,,,,,,,EMOBON_UMF_So_254
,,,,,,,,,,,,,,,,,,,,,,,,,,,,,,,,,,,,,,EMOBON_UMF_So_255
,,,,,,,,,,,,,,,,,,,,,,,,,,,,,,,,,,,,,,EMOBON_UMF_So_256
,,,,,,,,,,,,,,,,,,,,,,,,,,,,,,,,,,,,,,EMOBON_UMF_So_257
,,,,,,,,,,,,,,,,,,,,,,,,,,,,,,,,,,,,,,EMOBON_UMF_So_258
,,,,,,,,,,,,,,,,,,,,,,,,,,,,,,,,,,,,,,EMOBON_UMF_So_259
,,,,,,,,,,,,,,,,,,,,,,,,,,,,,,,,,,,,,,EMOBON_UMF_So_260
,,,,,,,,,,,,,,,,,,,,,,,,,,,,,,,,,,,,,,EMOBON_UMF_So_261
,,,,,,,,,,,,,,,,,,,,,,,,,,,,,,,,,,,,,,EMOBON_UMF_So_262
